Game Date: 2026-09-13,Our Team: Our Team,Opponent: Opponent
Period,Game Clock,Timestamp,Slot,Player,Possession State,Action,Zone,Result,Duration(s),Paint Touch,Fastbreak,Crunch Time
"Q1","10:00","17:51:43","1","#6","offense","Substitution","None","Slot 1: Out #6 / In #23",0,"No","No","No"
"Q1","10:00","17:52:16","4","#7","offense","Substitution","None","Slot 4: Out #7 / In #13",0,"No","No","No"
"Q1","09:59","18:02:32","Team","Team","defense","Opponent MR Shot","MR","Miss",0,"No","No","No"
"Q1","09:59","18:02:34","3","#9","defense","Def Rebound","None","Success",0,"No","No","No"
"Q1","09:54","18:02:39","3","#9","offense","RIM Shot","RIM","Miss",4.7,"Yes","Yes","No"
"Q1","09:54","18:02:40","Team","Team","offense","Opponent Def Rebound","None","Loss",5.2,"No","No","No"
"Q1","09:48","18:02:47","1","#23","defense","Steal","None","Success",5.6,"No","No","No"
"Q1","09:27","18:03:14","3","#9","offense","Assist","None","To ##8",10.7,"No","Yes","No"
"Q1","09:27","18:03:14","2","#8","offense","C3 Shot","C3","Make",10.7,"No","Yes","No"
"Q1","09:19","18:03:27","Team","Team","defense","Opponent RIM Shot","RIM","Make",7.9,"Yes","No","No"
"Q1","08:51","18:04:03","5","#11","offense","Assist","None","To ##9",18,"No","No","No"
"Q1","08:51","18:04:03","3","#9","offense","ATB3 Shot","ATB3","Make",18,"No","No","No"
"Q1","08:37","18:04:25","3","#9","defense","Deflection","None","Success",14.2,"No","No","No"
"Q1","08:37","18:04:25","Team","Team","defense","Opponent Turnover","None","Success",14.2,"No","No","No"
"Q1","08:14","18:04:53","5","#11","offense","Turnover (Live)","None","Loss",2.8,"No","No","No"
"Q1","07:59","18:05:03","Team","Team","defense","Opponent ATB3 Shot","ATB3","Miss",5.9,"No","No","No"
"Q1","07:57","18:05:04","3","#9","defense","Def Rebound","None","Success",7.3,"No","No","No"
"Q1","07:48","18:05:16","3","#9","offense","MR Shot","MR","Miss",9.5,"No","No","No"
"Q1","07:46","18:05:17","Team","Team","offense","Opponent Def Rebound","None","Loss",10.7,"No","No","No"
"Q1","07:36","18:05:41","2","#8","defense","Personal Foul","None","Foul #1",10,"No","No","No"
"Q1","07:36","18:05:50","1","#23","defense","Deflection","None","Success",10,"No","No","No"
"Q1","07:36","18:05:55","Team","Team","defense","Opponent MR Shot","MR","Miss",10,"No","No","No"
"Q1","07:36","18:05:57","1","#23","defense","Def Rebound","None","Success",10,"No","No","No"
"Q1","07:25","18:06:20","5","#11","offense","Opponent Foul","None","Success",10,"No","No","No"
"Q1","07:25","18:06:21","5","#11","offense","FT","None","Make",10,"No","No","No"
"Q1","07:25","18:06:33","5","#11","offense","FT","None","Miss",10,"No","No","No"
"Q1","07:25","18:06:34","1","#23","offense","Off Rebound","None","Success",10,"No","No","No"
"Q1","07:25","18:06:44","4","#13","offense","RIM Shot","RIM","Miss",10,"Yes","No","No"
"Q1","07:25","18:06:45","Team","Team","offense","Opponent Def Rebound","None","Loss",10,"No","No","No"
"Q1","07:20","18:06:52","Team","Team","defense","Opponent ATB3 Shot","ATB3","Make",5.7,"No","Yes","No"
"Q1","06:38","18:07:06","2","#8","offense","Turnover (Live)","None","Loss",1.5,"No","No","No"
"Q1","06:30","18:07:16","Team","Team","defense","Opponent PAINT Shot","PAINT","Miss",8.3,"Yes","No","No"
"Q1","06:28","18:07:18","Team","Team","defense","Def Rebound","None","Success",10,"No","No","No"
"Q1","06:13","18:07:36","2","#8","offense","ATB3 Shot","ATB3","Miss",14.6,"No","No","No"
"Q1","06:12","18:07:37","4","#13","offense","Off Rebound","None","Success",15.7,"No","No","No"
"Q1","06:07","18:07:43","1","#23","offense","ATB3 Shot","ATB3","Miss",15.3,"No","No","No"
"Q1","06:04","18:07:48","5","#11","offense","Off Rebound","None","Success",18.8,"No","No","No"
"Q1","05:55","18:08:10","1","#23","offense","Assist","None","To ##13",18.3,"Yes","No","No"
"Q1","05:55","18:08:10","4","#13","offense","RIM Shot","RIM","Make",18.3,"Yes","No","No"
"Q1","05:40","18:08:31","Team","Team","defense","Opponent Turnover","None","Off Foul by #10",14.9,"No","No","No"
"Q1","05:28","18:09:21","4","#13","offense","PAINT Shot","PAINT","Miss",12.7,"Yes","No","No"
"Q1","05:26","18:09:22","Team","Team","offense","Opponent Def Rebound","None","Loss",14,"No","No","No"
"Q1","05:22","18:09:28","2","#8","defense","Steal","None","Success",4.7,"No","No","No"
"Q1","05:15","18:09:36","5","#11","offense","PAINT Shot","PAINT","Miss",6.4,"Yes","Yes","No"
"Q1","05:14","18:09:37","Team","Team","offense","Opponent Def Rebound","None","Loss",7.4,"No","No","No"
"Q1","05:00","18:09:54","Team","Team","defense","Opponent MR Shot","MR","Miss",3.8,"No","Yes","No"
"Q1","05:00","18:09:56","5","#11","defense","Def Rebound","None","Success",3.8,"No","No","No"
"Q1","04:54","18:10:07","3","#9","offense","RIM Shot","RIM","Make",6.6,"Yes","Yes","No"
"Q1","04:39","18:10:28","Team","Team","defense","Opponent PAINT Shot","PAINT","Make",15,"Yes","No","No"
"Q1","04:39","18:10:36","4","#13","defense","Personal Foul","None","Foul #1",10,"No","No","No"
"Q1","04:39","18:10:43","4","#13","defense","Substitution","None","Slot 4: Out #13 / In #16",10,"No","No","No"
"Q1","04:39","18:10:49","Team","Team","defense","Opponent FT Score","None","Loss",10,"No","No","No"
"Q1","04:32","18:11:00","3","#9","offense","MR Shot","MR","Miss",7,"No","No","No"
"Q1","04:31","18:11:00","Team","Team","offense","Opponent Def Rebound","None","Loss",7.6,"No","No","No"
"Q1","04:22","18:11:12","Team","Team","defense","Opponent RIM Shot","RIM","Miss",9.4,"Yes","No","No"
"Q1","04:22","18:11:12","5","#11","defense","Block","None","Success",9.4,"No","No","No"
"Q1","04:21","18:11:13","Team","Team","defense","Opponent Off Reb","None","Loss",10.6,"No","No","No"
"Q1","04:13","18:11:22","5","#11","defense","Steal","None","Success",17.3,"No","No","No"
"Q1","04:07","18:11:29","3","#9","offense","RIM Shot","RIM","Miss",6.3,"Yes","Yes","No"
"Q1","04:06","18:11:30","Team","Team","offense","Opponent Def Rebound","None","Loss",7,"No","No","No"
"Q1","03:56","18:11:42","Team","Team","defense","Opponent PAINT Shot","PAINT","Make",10.1,"Yes","No","No"
"Q1","03:39","18:12:08","1","#23","offense","Assist","None","To ##11",7.4,"No","No","No"
"Q1","03:39","18:12:08","5","#11","offense","ATB3 Shot","ATB3","Make",7.4,"No","No","No"
"Q1","03:38","18:12:17","3","#9","defense","Personal Foul","None","Foul #1",0.6,"No","No","No"
"Q1","03:27","18:12:35","Team","Team","defense","Opponent RIM Shot","RIM","Make",11.9,"Yes","No","No"
"Q1","03:13","18:12:56","2","#8","offense","ATB3 Shot","ATB3","Miss",13.9,"No","No","No"
"Q1","03:13","18:12:56","Team","Team","offense","Opponent Def Rebound","None","Loss",14.4,"No","No","No"
"Q1","02:59","18:13:14","Team","Team","defense","Opponent ATB3 Shot","ATB3","Make",13.1,"No","No","No"
"Q1","02:35","18:14:03","4","#16","offense","Opponent Foul","None","Success",0,"No","No","No"
"Q1","02:35","18:14:18","1","#23","offense","Substitution","None","Slot 1: Out #23 / In #7",0,"No","No","No"
"Q1","02:28","18:14:28","1","#7","offense","Turnover (Dead)","None","Loss",7,"No","No","No"
"Q1","02:23","18:14:40","5","#11","defense","Steal","None","Success",5.5,"No","No","No"
"Q1","02:07","18:15:02","5","#11","offense","RIM Shot","RIM","Make",16.2,"Yes","Yes","No"
"Q1","01:55","18:15:19","Team","Team","defense","Opponent RIM Shot","RIM","Make",11.5,"Yes","No","No"
"Q1","01:51","18:15:28","3","#9","offense","Turnover (Live)","None","Loss",4.7,"No","No","No"
"Q1","01:48","18:15:31","Team","Team","defense","Opponent RIM Shot","RIM","Make",2.3,"Yes","No","No"
"Q1","01:37","18:15:50","2","#8","offense","ATB3 Shot","ATB3","Make",1,"No","No","No"
"Q1","01:03","18:16:18","Team","Team","defense","Opponent MR Shot","MR","Make",0,"No","No","No"
"Q1","01:00","18:16:30","4","#16","offense","RIM Shot","RIM","Make",2.9,"Yes","No","No"
"Q1","00:38.2","18:16:46","Team","Team","defense","Opponent Turnover","None","Unforced",2.3,"No","No","No"
"Q1","00:38.2","18:16:54","5","#11","offense","Substitution","None","Slot 5: Out #11 / In #35",0,"No","No","No"
"Q1","00:38.2","18:17:08","3","#9","offense","Substitution","None","Slot 3: Out #9 / In #24",0,"No","No","No"
"Q1","00:28.7","18:17:26","3","#24","offense","ATB3 Shot","ATB3","Miss",9.5,"No","No","No"
"Q1","00:27.7","18:17:27","Team","Team","offense","Opponent Def Rebound","None","Loss",10.5,"No","No","No"
"Q1","00:21.6","18:17:37","4","#16","defense","Personal Foul","None","Foul #1",6.1,"No","No","No"
"Q1","00:11.6","18:17:56","2","#8","defense","Substitution","None","Slot 2: Out #8 / In #32",6.1,"No","No","No"
"Q1","00:01.8","18:18:13","Team","Team","defense","Opponent PAINT Shot","PAINT","Miss",15.9,"Yes","No","No"
"Q1","00:00.3","18:18:15","4","#16","defense","Def Rebound","None","Success",17.4,"No","No","No"
"Q2","10:00","18:19:23","Team","Team","offense","Period Change","None","Started Quarter 2",0,"No","No","No"
"Q2","09:46","18:20:24","4","#16","offense","ATB3 Shot","ATB3","Miss",13.9,"No","No","No"
"Q2","09:44","18:20:26","3","#24","offense","Off Rebound","None","Success",15.5,"No","No","No"
"Q2","09:41","18:20:35","3","#24","offense","Assist","None","To ##32",13.2,"No","No","No"
"Q2","09:41","18:20:35","2","#32","offense","ATB3 Shot","ATB3","Make",13.2,"No","No","No"
"Q2","09:37","18:20:44","Team","Team","defense","Opponent RIM Shot","RIM","Miss",3.9,"Yes","No","No"
"Q2","09:37","18:20:44","2","#32","defense","Block","None","Success",3.9,"No","No","No"
"Q2","09:36","18:20:45","2","#32","defense","Def Rebound","None","Success",5.2,"No","No","No"
"Q2","09:29","18:20:53","4","#16","offense","RIM Shot","RIM","Miss",6.5,"Yes","Yes","No"
"Q2","09:29","18:20:53","Team","Team","offense","Opponent Def Rebound","None","Loss",6.9,"No","No","No"
"Q2","09:06","18:21:08","5","#35","defense","Deflection","None","Success",3,"No","No","No"
"Q2","09:06","18:21:15","Team","Team","defense","Opponent ATB3 Shot","ATB3","Miss",3,"No","Yes","No"
"Q2","09:06","18:21:16","4","#16","defense","Def Rebound","None","Success",3,"No","No","No"
"Q2","09:02","18:21:26","3","#24","offense","Opponent Foul","None","Success",3.7,"No","No","No"
"Q2","08:38","18:21:57","3","#24","offense","Opponent Foul","None","Success",10,"No","No","No"
"Q2","08:34","18:22:20","3","#24","offense","Turnover (Live)","None","Loss",13.1,"No","No","No"
"Q2","08:24","18:22:34","5","#35","defense","Personal Foul","None","Foul #1",10,"No","No","No"
"Q2","08:24","18:22:49","Team","Team","defense","Opponent FT Miss","None","Loss",10,"No","No","No"
"Q2","08:24","18:23:01","Team","Team","defense","Opponent FT Score","None","Loss",10,"No","No","No"
"Q2","08:21","18:23:07","1","#7","offense","Substitution","None","Slot 1: Out #7 / In #15",2.5,"No","No","No"
"Q2","08:14","18:23:34","2","#32","offense","Opponent Foul","None","Success",9.5,"No","No","No"
"Q2","08:09","18:23:46","2","#32","offense","ATB3 Shot","ATB3","Miss",14.9,"No","No","No"
"Q2","08:08","18:23:47","Team","Team","offense","Opponent Def Rebound","None","Loss",15.5,"No","No","No"
"Q2","08:04","18:23:52","5","#35","defense","Steal","None","Success",4.7,"No","No","No"
"Q2","08:02","18:24:29","5","#35","offense","Opponent Foul","None","Success",2.1,"No","No","No"
"Q2","08:02","18:24:30","5","#35","offense","FT","None","Make",2.1,"No","No","No"
"Q2","08:02","18:24:38","5","#35","offense","FT","None","Make",2.1,"No","No","No"
"Q2","07:47","18:24:59","3","#24","offense","ATB3 Shot","ATB3","Miss",15.1,"No","No","No"
"Q2","07:46","18:24:59","Team","Team","offense","Opponent Def Rebound","None","Loss",15.5,"No","No","No"
"Q2","07:40","18:25:06","1","#15","defense","Steal","None","Success",6.1,"No","No","No"
"Q2","07:37","18:25:15","1","#15","offense","Opponent Foul","None","Success",2.9,"No","No","No"
"Q2","07:37","18:25:28","3","#24","offense","Substitution","None","Slot 3: Out #24 / In #9",2.9,"No","No","No"
"Q2","07:37","18:25:37","1","#15","offense","FT","None","Make",2.9,"No","No","No"
"Q2","07:37","18:26:09","1","#15","offense","FT","None","Miss",2.9,"No","No","No"
"Q2","07:37","18:26:10","Team","Team","offense","Opponent Def Rebound","None","Loss",2.9,"No","No","No"
"Q2","07:32","18:26:19","1","#15","defense","Personal Foul","None","Foul #1",4.9,"No","No","No"
"Q2","07:32","18:26:42","Team","Team","defense","Opponent RIM Shot","RIM","Make",4.9,"Yes","Yes","No"
"Q2","07:04","18:26:58","3","#9","offense","MR Shot","MR","Miss",8.3,"No","No","No"
"Q2","07:02","18:27:00","2","#32","offense","Off Rebound","None","Success",10,"No","No","No"
"Q2","07:00","18:27:03","2","#32","offense","PAINT Shot","PAINT","Miss",12.1,"Yes","No","No"
"Q2","07:00","18:27:03","Team","Team","offense","Opponent Def Rebound","None","Loss",12.5,"No","No","No"
"Q2","06:45","18:27:29","2","#32","defense","Personal Foul","None","Foul #1",10,"No","No","No"
"Q2","06:45","18:27:41","Team","Team","defense","Opponent Turnover","None","Unforced",10,"No","No","No"
"Q2","06:35","18:27:58","4","#16","offense","C3 Shot","C3","Miss",10.1,"No","No","No"
"Q2","06:35","18:27:58","Team","Team","offense","Opponent Def Rebound","None","Loss",10.5,"No","No","No"
"Q2","06:26","18:28:09","Team","Team","defense","Opponent RIM Shot","RIM","Miss",9.3,"Yes","No","No"
"Q2","06:26","18:28:09","4","#16","defense","Block","None","Success",9.3,"No","No","No"
"Q2","06:25","18:28:11","4","#16","defense","Def Rebound","None","Success",10.3,"No","No","No"
"Q2","06:13","18:28:25","5","#35","offense","Personal Foul","None","Offensive",11.5,"No","No","No"
"Q2","06:13","18:28:25","5","#35","offense","Turnover (Dead)","None","Offensive Foul",11.5,"No","No","No"
"Q2","05:53","18:28:46","Team","Team","defense","Opponent Turnover","None","Unforced",9.6,"No","No","No"
"Q2","05:53","18:29:04","3","#9","offense","MR Shot","MR","Miss",0,"No","No","No"
"Q2","05:53","18:29:05","5","#35","offense","Off Rebound","None","Success",0,"No","No","No"
"Q2","05:53","18:29:10","5","#35","offense","Assist","None","To ##9",10,"No","No","No"
"Q2","05:53","18:29:10","3","#9","offense","ATB3 Shot","ATB3","Make",10,"No","No","No"
"Q2","05:42","18:29:28","5","#35","defense","Steal","None","Success",11.3,"No","No","No"
"Q2","05:39","18:30:17","5","#35","offense","Opponent Foul","None","Success",2.9,"No","No","No"
"Q2","05:39","18:30:17","5","#35","offense","FT","None","Make",2.9,"No","No","No"
"Q2","05:39","18:30:27","5","#35","offense","FT","None","Make",2.9,"No","No","No"
"Q2","05:36","18:30:38","2","#32","offense","Substitution","None","Slot 2: Out #32 / In #8",2.5,"No","No","No"
"Q2","05:36","18:31:10","2","#8","offense","Opponent Foul","None","Success",2.5,"No","No","No"
"Q2","05:36","18:31:10","2","#8","offense","FT","None","Make",2.5,"No","No","No"
"Q2","05:36","18:31:23","4","#16","defense","Personal Foul","None","Foul #2",0,"No","No","No"
"Q2","05:36","18:31:27","Team","Team","defense","Opponent FT Score","None","Loss",0,"No","No","No"
"Q2","05:36","18:31:27","Team","Team","defense","Opponent FT Score","None","Loss",0,"No","No","No"
"Q2","05:23","18:31:49","2","#8","offense","ATB3 Shot","ATB3","Make",13.2,"No","No","No"
"Q2","05:11","18:32:46","3","#9","offense","Opponent Foul","None","Success",1.4,"No","No","No"
"Q2","05:11","18:32:47","3","#9","offense","FT","None","Make",1.4,"No","No","No"
"Q2","04:48","18:33:13","2","#8","defense","Personal Foul","None","Foul #2",0.8,"No","No","No"
"Q2","04:48","18:33:16","Team","Team","defense","Opponent FT Score","None","Loss",0.8,"No","No","No"
"Q2","04:48","18:33:16","Team","Team","defense","Opponent FT Score","None","Loss",0.8,"No","No","No"
"Q2","04:41","18:33:28","5","#35","offense","Substitution","None","Slot 5: Out #35 / In #11",7.4,"No","No","No"
"Q2","04:36","18:33:35","5","#11","offense","Assist","None","To ##9",12.2,"No","No","No"
"Q2","04:36","18:33:35","3","#9","offense","ATB3 Shot","ATB3","Make",12.2,"No","No","No"
"Q2","04:34","18:33:41","4","#16","defense","Substitution","None","Slot 4: Out #16 / In #35",1.7,"No","No","No"
"Q2","04:31","18:33:45","Team","Team","defense","Opponent C3 Shot","C3","Miss",4.9,"No","No","No"
"Q2","04:29","18:33:48","4","#35","defense","Def Rebound","None","Success",7.5,"No","No","No"
"Q2","04:22","18:33:57","5","#11","offense","Assist","None","To ##8",6.4,"No","Yes","No"
"Q2","04:22","18:33:57","2","#8","offense","ATB3 Shot","ATB3","Make",6.4,"No","Yes","No"
"Q2","03:58","18:36:06","Team","Team","defense","Opponent MR Shot","MR","Make",0,"No","No","No"
"Q2","03:51","18:36:16","3","#9","offense","ATB3 Shot","ATB3","Miss",7.1,"No","No","No"
"Q2","03:50","18:36:18","1","#15","offense","Off Rebound","None","Success",8.3,"No","No","No"
"Q2","03:44","18:36:26","5","#11","offense","Personal Foul","None","Offensive",15.9,"No","No","No"
"Q2","03:44","18:36:26","5","#11","offense","Turnover (Dead)","None","Offensive Foul",15.9,"No","No","No"
"Q2","03:44","18:36:37","4","#35","defense","Substitution","None","Slot 4: Out #35 / In #24",0,"No","No","No"
"Q2","03:29","18:37:02","Team","Team","defense","Opponent ATB3 Shot","ATB3","Miss",4.8,"No","No","No"
"Q2","03:29","18:37:03","5","#11","defense","Def Rebound","None","Success",4.8,"No","No","No"
"Q2","03:12","18:37:25","1","#15","offense","Assist","None","To ##8",16.8,"No","Yes","No"
"Q2","03:12","18:37:25","2","#8","offense","C3 Shot","C3","Make",16.8,"No","Yes","No"
"Q2","02:41","18:37:45","Team","Team","defense","Opponent PAINT Shot","PAINT","Miss",11.8,"Yes","No","No"
"Q2","02:41","18:37:45","4","#24","defense","Block","None","Success",11.8,"No","No","No"
"Q2","02:40","18:37:46","Team","Team","defense","Opponent Off Reb","None","Loss",12.5,"No","No","No"
"Q2","02:30","18:38:05","1","#15","defense","Personal Foul","None","Foul #2",10,"No","No","No"
"Q2","02:30","18:38:25","Team","Team","defense","Opponent FT Score","None","Loss",10,"No","No","No"
"Q2","02:30","18:38:34","Team","Team","defense","Opponent FT Score","None","Loss",10,"No","No","No"
"Q2","02:21","18:39:10","3","#9","offense","ATB3 Shot","ATB3","Miss",9.3,"No","No","No"
"Q2","02:21","18:39:11","Team","Team","offense","Opponent Def Rebound","None","Loss",9.3,"No","No","No"
"Q2","02:03","18:39:33","Team","Team","defense","Opponent RIM Shot","RIM","Make",17.8,"Yes","No","No"
"Q2","01:43","18:39:50","2","#8","offense","ATB3 Shot","ATB3","Miss",10.5,"No","No","No"
"Q2","01:42","18:39:51","Team","Team","offense","Opponent Def Rebound","None","Loss",11.3,"No","No","No"
"Q2","01:28","18:40:08","Team","Team","defense","Opponent RIM Shot","RIM","Make",14.2,"Yes","No","No"
"Q2","01:28","18:40:10","5","#11","defense","Personal Foul","None","Foul #2",10,"No","No","No"
"Q2","01:28","18:41:54","Team","Team","defense","Opponent FT Score","None","Loss",10,"No","No","No"
"Q2","01:10","18:42:28","1","#15","offense","Substitution","None","Slot 1: Out #15 / In #23",17.1,"No","No","No"
"Q2","01:04","18:42:42","2","#8","offense","PAINT Shot","PAINT","Miss",0,"Yes","No","No"
"Q2","01:04","18:42:44","4","#24","offense","Off Rebound","None","Success",0,"No","No","No"
"Q2","01:04","18:42:49","2","#8","offense","Turnover (Live)","None","Loss",10,"No","No","No"
"Q2","01:00","18:42:53","1","#23","defense","Steal","None","Success",3.1,"No","No","No"
"Q2","00:48.9","18:43:10","2","#8","offense","RIM Shot","RIM","Make",12,"Yes","Yes","No"
"Q2","00:48.9","18:43:13","Team","Team","defense","Timeout","None","Our Team",0,"No","No","No"
"Q2","00:48.9","18:43:16","Team","Team","defense","Timeout","None","Opponent",0,"No","No","No"
"Q2","00:38.9","18:45:11","Team","Team","defense","Opponent RIM Shot","RIM","Miss",0,"Yes","No","No"
"Q2","00:38.9","18:45:13","Team","Team","defense","Opponent Off Reb","None","Loss",0,"No","No","No"
"Q2","00:38.9","18:45:26","2","#8","defense","Substitution","None","Slot 2: Out #8 / In #32",10,"No","No","No"
"Q2","00:38.9","18:45:29","2","#32","defense","Personal Foul","None","Foul #2",10,"No","No","No"
"Q2","00:38.9","18:45:35","Team","Team","defense","Opponent FT Miss","None","Loss",10,"No","No","No"
"Q2","00:38.9","18:45:47","Team","Team","defense","Opponent FT Miss","None","Loss",10,"No","No","No"
"Q2","00:38.9","18:45:48","Team","Team","defense","Opponent Off Reb","None","Loss",10,"No","No","No"
"Q2","00:38.9","18:45:51","Team","Team","defense","Opponent ATB3 Shot","ATB3","Miss",10,"No","No","No"
"Q2","00:38.9","18:45:58","4","#24","defense","Def Rebound","None","Success",10,"No","No","No"
"Q2","00:26.7","18:46:13","3","#9","offense","MR Shot","MR","Miss",12.2,"No","No","No"
"Q2","00:25.0","18:46:15","Team","Team","offense","Opponent Def Rebound","None","Loss",13.9,"No","No","No"
"Q3","10:00","18:50:12","Team","Team","defense","Period Change","None","Started Quarter 3",0,"No","No","No"
"Q3","10:00","18:55:26","4","#24","defense","Substitution","None","Slot 4: Out #24 / In #16",0,"No","No","No"
"Q3","10:00","18:55:32","1","#23","defense","Substitution","None","Slot 1: Out #23 / In #15",0,"No","No","No"
"Q3","10:00","18:56:07","4","#32","defense","Substitution","None","Slot 4: Out #32 / In #24",0,"No","No","No"
"Q3","10:00","18:56:43","3","#11","defense","Substitution","None","Slot 3: Out #11 / In #8",0,"No","No","No"
"Q3","09:55","18:56:49","Team","Team","defense","Opponent PAINT Shot","PAINT","Make",4.8,"Yes","Yes","No"
"Q3","09:33","18:57:13","1","#15","offense","RIM Shot","RIM","Miss",11.9,"Yes","No","No"
"Q3","09:32","18:57:14","Team","Team","offense","Opponent Def Rebound","None","Loss",12.6,"No","No","No"
"Q3","09:29","18:57:18","Team","Team","defense","Opponent RIM Shot","RIM","Miss",3.3,"Yes","No","No"
"Q3","09:28","18:57:19","4","#24","defense","Def Rebound","None","Success",4.5,"No","No","No"
"Q3","09:22","18:57:26","2","#9","offense","RIM Shot","RIM","Miss",5.5,"Yes","Yes","No"
"Q3","09:22","18:57:27","Team","Team","offense","Opponent Def Rebound","None","Loss",5.9,"No","No","No"
"Q3","09:18","18:57:31","Team","Team","defense","Opponent RIM Shot","RIM","Miss",4,"Yes","Yes","No"
"Q3","09:16","18:57:33","5","#16","defense","Def Rebound","None","Success",5.6,"No","No","No"
"Q3","09:00","18:57:52","1","#15","offense","Assist","None","To ##16",5.8,"Yes","Yes","No"
"Q3","09:00","18:57:52","5","#16","offense","RIM Shot","RIM","Make",5.8,"Yes","Yes","No"
"Q3","08:59","18:57:57","2","#9","defense","Deflection","None","Success",1.6,"No","No","No"
"Q3","08:54","18:58:19","1","#15","defense","Personal Foul","None","Foul #3",6,"No","No","No"
"Q3","08:54","18:58:25","Team","Team","defense","Opponent Turnover","None","Unforced",6,"No","No","No"
"Q3","08:34","18:58:48","4","#24","offense","Assist","None","To ##9",0,"No","No","No"
"Q3","08:34","18:58:48","2","#9","offense","C3 Shot","C3","Make",0,"No","No","No"
"Q3","08:33","18:58:53","4","#24","defense","Steal","None","Success",1.5,"No","No","No"
"Q3","08:15","18:59:19","3","#8","offense","RIM Shot","RIM","Miss",7.8,"Yes","Yes","No"
"Q3","08:15","18:59:19","Team","Team","offense","Opponent Block","None","Success",7.8,"Yes","Yes","No"
"Q3","08:15","18:59:21","Team","Team","offense","Off Rebound","None","Success",7.8,"No","No","No"
"Q3","08:12","18:59:35","4","#24","offense","PAINT Shot","PAINT","Miss",13.3,"Yes","No","No"
"Q3","08:12","18:59:35","Team","Team","offense","Opponent Block","None","Success",13.3,"Yes","No","No"
"Q3","08:11","18:59:36","Team","Team","offense","Opponent Def Rebound","None","Loss",14.2,"No","No","No"
"Q3","08:07","19:00:07","1","#15","defense","Personal Foul","None","Foul #4",0,"No","No","No"
"Q3","08:07","19:00:10","Team","Team","defense","Opponent FT Score","None","Loss",0,"No","No","No"
"Q3","08:07","19:00:17","Team","Team","defense","Opponent FT Score","None","Loss",0,"No","No","No"
"Q3","08:07","19:00:21","1","#15","offense","Substitution","None","Slot 1: Out #15 / In #23",0,"No","No","No"
"Q3","08:00","19:00:33","2","#9","offense","Assist","None","To ##24",7.6,"Yes","No","No"
"Q3","08:00","19:00:33","4","#24","offense","RIM Shot","RIM","Make",7.6,"Yes","No","No"
"Q3","07:42","19:00:47","Team","Team","defense","Opponent ATB3 Shot","ATB3","Make",7.6,"No","No","No"
"Q3","07:29","19:01:02","5","#16","offense","Assist","None","To ##23",3.2,"No","No","No"
"Q3","07:29","19:01:02","1","#23","offense","ATB3 Shot","ATB3","Make",3.2,"No","No","No"
"Q3","07:08","19:01:21","Team","Team","defense","Opponent PAINT Shot","PAINT","Miss",10.6,"Yes","No","No"
"Q3","07:06","19:01:24","5","#16","defense","Def Rebound","None","Success",13,"No","No","No"
"Q3","07:02","19:01:31","5","#16","offense","Assist","None","To ##8",3.8,"No","Yes","No"
"Q3","07:02","19:01:31","3","#8","offense","ATB3 Shot","ATB3","Make",3.8,"No","Yes","No"
"Q3","06:50","19:01:48","Team","Team","defense","Opponent RIM Shot","RIM","Make",2,"Yes","No","No"
"Q3","06:18","19:02:08","3","#8","offense","ATB3 Shot","ATB3","Miss",12.5,"No","No","No"
"Q3","06:16","19:02:10","5","#16","offense","Off Rebound","None","Success",14,"No","No","No"
"Q3","06:02","19:02:29","Team","Team","offense","Turnover (Dead)","None","Shot Clock Violation",24,"No","No","No"
"Q3","05:53","19:03:06","3","#8","defense","Personal Foul","None","Foul #3",9,"No","No","No"
"Q3","05:53","19:03:25","3","#8","defense","Substitution","None","Slot 3: Out #8 / In #7",9,"No","No","No"
"Q3","05:51","19:03:40","Team","Team","defense","Opponent RIM Shot","RIM","Make",11.4,"Yes","No","No"
"Q3","05:41","19:03:54","5","#16","offense","RIM Shot","RIM","Miss",9.3,"Yes","No","No"
"Q3","05:40","19:03:55","Team","Team","offense","Opponent Def Rebound","None","Loss",10.1,"No","No","No"
"Q3","05:35","19:04:03","3","#9","defense","Personal Foul","None","Foul #2",5.2,"No","No","No"
"Q3","05:35","19:04:15","2","#23","defense","Substitution","None","Slot 2: Out #23 / In #32",5.2,"No","No","No"
"Q3","05:35","19:04:44","Team","Team","defense","Opponent RIM Shot","RIM","Make",5.2,"Yes","No","No"
"Q3","05:26","19:04:57","5","#16","offense","Turnover (Live)","None","Loss",8.9,"No","No","No"
"Q3","05:25","19:04:58","Team","Team","defense","Opponent RIM Shot","RIM","Make",1.1,"Yes","No","No"
"Q3","05:04","19:05:06","Team","Team","offense","Timeout","None","Our Team",1,"No","No","No"
"Q3","04:59","19:07:00","1","#7","offense","Opponent Foul","None","Success",6,"No","No","No"
"Q3","04:45","19:07:25","4","#24","offense","RIM Shot","RIM","Miss",20.1,"Yes","No","No"
"Q3","04:44","19:07:26","Team","Team","offense","Opponent Def Rebound","None","Loss",20.8,"No","No","No"
"Q3","04:42","19:07:29","Team","Team","defense","Opponent RIM Shot","RIM","Make",2.5,"Yes","No","No"
"Q3","04:32","19:07:45","3","#32","offense","C3 Shot","C3","Miss",10.4,"No","No","No"
"Q3","04:31","19:07:46","Team","Team","offense","Opponent Def Rebound","None","Loss",11.3,"No","No","No"
"Q3","04:14","19:08:06","Team","Team","defense","Opponent MR Shot","MR","Miss",17.1,"No","No","No"
"Q3","04:08","19:08:13","2","#9","defense","Def Rebound","None","Success",22.5,"No","No","No"
"Q3","04:07","19:08:40","2","#9","offense","Opponent Foul","None","Success",1,"No","No","No"
"Q3","04:07","19:08:45","3","#32","offense","Substitution","None","Slot 3: Out #32 / In #13",1,"No","No","No"
"Q3","04:07","19:08:50","5","#16","offense","Substitution","None","Slot 5: Out #16 / In #11",1,"No","No","No"
"Q3","04:07","19:09:00","2","#9","offense","ATB3 Shot","ATB3","Miss",1,"No","Yes","No"
"Q3","04:07","19:09:00","Team","Team","offense","Opponent Def Rebound","None","Loss",1,"No","No","No"
"Q3","04:06","19:09:02","Team","Team","defense","Opponent ATB3 Shot","ATB3","Miss",1.1,"No","Yes","No"
"Q3","04:05","19:09:03","4","#24","defense","Def Rebound","None","Success",2.4,"No","No","No"
"Q3","04:00","19:09:10","4","#24","offense","Personal Foul","None","Offensive",5.2,"No","No","No"
"Q3","04:00","19:09:10","4","#24","offense","Turnover (Dead)","None","Offensive Foul",5.2,"No","No","No"
"Q3","03:15","19:09:33","Team","Team","defense","Opponent C3 Shot","C3","Miss",14.7,"No","No","No"
"Q3","03:14","19:09:34","Team","Team","defense","Opponent Off Reb","None","Loss",15.7,"No","No","No"
"Q3","03:12","19:09:37","Team","Team","defense","Opponent Turnover","None","Unforced",11.4,"No","No","No"
"Q3","02:53","19:09:53","3","#13","offense","Turnover (Live)","None","Loss",9.7,"No","No","No"
"Q3","02:50","19:10:06","3","#13","defense","Personal Foul","None","Foul #2",3,"No","No","No"
"Q3","02:50","19:10:19","Team","Team","defense","Opponent FT Miss","None","Loss",3,"No","No","No"
"Q3","02:50","19:10:30","Team","Team","defense","Opponent FT Score","None","Loss",3,"No","No","No"
"Q3","02:45","19:10:39","1","#7","offense","Substitution","None","Slot 1: Out #7 / In #8",5.1,"No","No","No"
"Q3","02:33","19:10:58","1","#9","offense","Opponent Foul","None","Success",10,"No","No","No"
"Q3","02:21","19:11:19","1","#9","offense","Assist","None","To ##8",22.1,"No","No","No"
"Q3","02:21","19:11:19","2","#8","offense","ATB3 Shot","ATB3","Make",22.1,"No","No","No"
"Q3","02:21","19:11:39","Team","Team","defense","Opponent ATB3 Shot","ATB3","Miss",0,"No","No","No"
"Q3","02:21","19:11:40","Team","Team","defense","Opponent Off Reb","None","Loss",0,"No","No","No"
"Q3","02:01","19:11:57","Team","Team","defense","Opponent RIM Shot","RIM","Make",10,"Yes","No","No"
"Q3","01:47","19:12:46","3","#24","offense","Opponent Foul","None","Success",10,"No","No","No"
"Q3","01:47","19:12:46","3","#24","offense","FT","None","Miss",10,"No","No","No"
"Q3","01:47","19:12:58","3","#24","offense","FT","None","Make",10,"No","No","No"
"Q3","01:46","19:13:05","1","#9","offense","Opponent Foul","None","Success",1.2,"No","No","No"
"Q3","01:46","19:13:05","1","#9","offense","FT","None","Make",1.2,"No","No","No"
"Q3","01:38","19:13:18","5","#11","defense","Personal Foul","None","Foul #3",7.3,"No","No","No"
"Q3","01:38","19:13:34","Team","Team","defense","Opponent FT Miss","None","Loss",7.3,"No","No","No"
"Q3","01:38","19:13:43","Team","Team","defense","Opponent FT Miss","None","Loss",7.3,"No","No","No"
"Q3","01:38","19:13:44","4","#13","defense","Def Rebound","None","Success",7.3,"No","No","No"
"Q3","01:28","19:13:56","3","#24","offense","ATB3 Shot","ATB3","Miss",10.3,"No","No","No"
"Q3","01:27","19:13:57","Team","Team","offense","Opponent Def Rebound","None","Loss",11.2,"No","No","No"
"Q3","01:14","19:14:35","Team","Team","defense","Opponent ATB3 Shot","ATB3","Miss",13,"No","No","No"
"Q3","01:13","19:14:36","5","#11","defense","Def Rebound","None","Success",14.1,"No","No","No"
"Q3","01:03","19:14:48","5","#11","offense","RIM Shot","RIM","Miss",10.2,"Yes","No","No"
"Q3","01:01","19:14:50","5","#11","offense","Off Rebound","None","Success",11.8,"No","No","No"
"Q3","01:00","19:14:56","5","#11","offense","RIM Shot","RIM","Make",10.8,"Yes","No","No"
"Q3","00:56.1","19:15:03","4","#13","defense","Steal","None","Success",4.5,"No","No","No"
"Q3","00:36.9","19:15:16","1","#9","offense","Turnover (Live)","None","Loss",9.2,"No","No","No"
"Q3","00:16.8","19:15:40","Team","Team","defense","Opponent ATB3 Shot","ATB3","Make",20.1,"No","No","No"
"Q4","10:00","19:16:24","Team","Team","offense","Period Change","None","Started Quarter 4",0,"No","No","No"
"Q4","09:48","19:17:56","2","#8","offense","Assist","None","To ##11",0,"No","No","No"
"Q4","09:48","19:17:56","5","#11","offense","ATB3 Shot","ATB3","Make",0,"No","No","No"
"Q4","09:17","19:18:17","4","#13","defense","Personal Foul","None","Foul #3",10,"No","No","No"
"Q4","09:17","19:18:24","Team","Team","defense","Opponent FT Score","None","Loss",10,"No","No","No"
"Q4","09:17","19:18:35","Team","Team","defense","Opponent FT Score","None","Loss",10,"No","No","No"
"Q4","09:09","19:18:52","3","#24","offense","RIM Shot","RIM","Make",8.3,"Yes","No","No"
"Q4","09:02","19:19:03","Team","Team","defense","Opponent C3 Shot","C3","Miss",7.4,"No","No","No"
"Q4","09:00","19:19:05","5","#11","defense","Def Rebound","None","Success",8.9,"No","No","No"
"Q4","08:45","19:19:22","1","#9","offense","ATB3 Shot","ATB3","Miss",14.6,"No","No","No"
"Q4","08:45","19:19:23","Team","Team","offense","Opponent Def Rebound","None","Loss",15.2,"No","No","No"
"Q4","08:37","19:19:32","Team","Team","defense","Opponent ATB3 Shot","ATB3","Make",7.5,"No","Yes","No"
"Q4","08:26","19:20:01","4","#13","offense","RIM Shot","RIM","Miss",1.8,"Yes","No","No"
"Q4","08:26","19:20:01","Team","Team","offense","Opponent Block","None","Success",1.8,"Yes","No","No"
"Q4","08:26","19:20:03","Team","Team","offense","Opponent Def Rebound","None","Loss",1.8,"No","No","No"
"Q4","08:20","19:20:12","4","#13","defense","Personal Foul","None","Foul #4",5.1,"No","No","No"
"Q4","08:20","19:20:14","4","#13","defense","Substitution","None","Slot 4: Out #13 / In #35",5.1,"No","No","No"
"Q4","08:20","19:20:16","5","#11","defense","Substitution","None","Slot 5: Out #11 / In #16",5.1,"No","No","No"
"Q4","08:20","19:20:30","1","#24","defense","Substitution","None","Slot 1: Out #24 / In #15",5.1,"No","No","No"
"Q4","08:13","19:20:39","5","#35","defense","Steal","None","Success",12.3,"No","No","No"
"Q4","08:05","19:20:51","2","#9","offense","Assist","None","To ##16",8,"Yes","Yes","No"
"Q4","08:05","19:20:51","4","#16","offense","RIM Shot","RIM","Make",8,"Yes","Yes","No"
"Q4","08:05","19:20:51","4","#16","offense","Opponent Foul","None","And-One",8,"No","No","No"
"Q4","08:05","19:21:29","4","#16","offense","FT","None","Make",8,"No","No","No"
"Q4","07:35","19:21:48","5","#35","defense","Personal Foul","None","Foul #3",10,"No","No","No"
"Q4","07:35","19:22:02","2","#9","defense","Deflection","None","Success",10,"No","No","No"
"Q4","07:35","19:22:26","Team","Team","defense","Opponent RIM Shot","RIM","Make",10,"Yes","No","No"
"Q4","07:22","19:22:45","5","#35","offense","Turnover (Dead)","None","Loss",13,"No","No","No"
"Q4","06:58","19:22:57","Team","Team","defense","Opponent ATB3 Shot","ATB3","Miss",3.1,"No","No","No"
"Q4","06:57","19:22:58","1","#15","defense","Def Rebound","None","Success",4.4,"No","No","No"
"Q4","06:53","19:23:04","4","#16","offense","RIM Shot","RIM","Miss",4.5,"Yes","Yes","No"
"Q4","06:52","19:23:05","5","#35","offense","Off Rebound","None","Success",5.6,"No","No","No"
"Q4","06:47","19:23:10","5","#35","offense","RIM Shot","RIM","Miss",14.7,"Yes","No","No"
"Q4","06:43","19:23:15","Team","Team","offense","Opponent Def Rebound","None","Loss",18.6,"No","No","No"
"Q4","06:37","19:23:22","Team","Team","defense","Opponent ATB3 Shot","ATB3","Miss",5.9,"No","Yes","No"
"Q4","06:36","19:23:24","1","#15","defense","Def Rebound","None","Success",7.2,"No","No","No"
"Q4","06:19","19:23:47","4","#16","offense","Opponent Foul","None","Success",6.4,"No","No","No"
"Q4","06:19","19:24:02","4","#16","offense","FT","None","Miss",6.4,"No","No","No"
"Q4","06:19","19:24:16","4","#16","offense","FT","None","Miss",6.4,"No","No","No"
"Q4","06:19","19:24:17","5","#35","offense","Off Rebound","None","Success",6.4,"No","No","No"
"Q4","06:19","19:24:24","5","#35","offense","Assist","None","To ##9",10,"No","No","No"
"Q4","06:19","19:24:24","2","#9","offense","ATB3 Shot","ATB3","Make",10,"No","No","No"
"Q4","05:58","19:24:44","Team","Team","defense","Opponent RIM Shot","RIM","Make",1.6,"Yes","No","No"
"Q4","05:51","19:24:59","2","#9","offense","MR Shot","MR","Make",6.6,"No","No","No"
"Q4","05:45","19:25:09","3","#8","defense","Deflection","None","Success",5.7,"No","No","No"
"Q4","05:30","19:25:56","Team","Team","defense","Score Adjustment","None","Opponent: 69 -> 70 (+1)",0,"No","No","No"
"Q4","05:30","19:26:12","Team","Team","defense","Score Adjustment","None","Opponent: 70 -> 69 (-1)",0,"No","No","No"
"Q4","05:30","19:26:17","Team","Team","defense","Opponent ATB3 Shot","ATB3","Make",21,"No","No","No"
"Q4","05:29","19:26:24","2","#9","offense","RIM Shot","RIM","Make",1.2,"Yes","No","No"
"Q4","04:59","19:26:37","Team","Team","defense","Opponent C3 Shot","C3","Miss",0,"No","No","No"
"Q4","04:59","19:26:39","3","#8","defense","Def Rebound","None","Success",0,"No","No","No"
"Q4","04:43","19:27:09","5","#35","offense","RIM Shot","RIM","Miss",16,"Yes","Yes","No"
"Q4","04:43","19:27:10","4","#16","offense","Off Rebound","None","Success",16,"No","No","No"
"Q4","04:43","19:27:14","4","#16","offense","RIM Shot","RIM","Make",10,"Yes","No","No"
"Q4","04:41","19:27:21","Team","Team","defense","Timeout","None","Opponent",1.8,"No","No","No"
"Q4","04:28","19:29:11","Team","Team","defense","Opponent C3 Shot","C3","Miss",15.4,"No","No","No"
"Q4","04:24","19:29:15","1","#15","defense","Def Rebound","None","Success",19.3,"No","No","No"
"Q4","04:11","19:29:30","4","#16","offense","RIM Shot","RIM","Miss",12.5,"Yes","No","No"
"Q4","04:10","19:29:32","5","#35","offense","Off Rebound","None","Success",13.8,"No","No","No"
"Q4","03:54","19:30:25","3","#8","offense","C3 Shot","C3","Miss",15.5,"No","No","No"
"Q4","03:54","19:30:26","4","#16","offense","Off Rebound","None","Success",15.5,"No","No","No"
"Q4","03:54","19:30:35","2","#9","offense","MR Shot","MR","Miss",10,"No","No","No"
"Q4","03:54","19:30:36","Team","Team","offense","Opponent Def Rebound","None","Loss",10,"No","No","No"
"Q4","03:52","19:30:42","4","#16","defense","Personal Foul","None","Foul #3",1.9,"No","No","No"
"Q4","03:52","19:31:01","3","#8","defense","Substitution","None","Slot 3: Out #8 / In #23",1.9,"No","No","No"
"Q4","03:52","19:31:15","1","#15","defense","Deflection","None","Success",1.9,"No","No","No"
"Q4","03:52","19:31:15","Team","Team","defense","Opponent Turnover","None","Success",1.9,"No","No","No"
"Q4","03:52","19:31:30","2","#9","offense","C3 Shot","C3","Miss",0,"No","No","No"
"Q4","03:52","19:31:31","Team","Team","offense","Opponent Def Rebound","None","Loss",0,"No","No","No"
"Q4","03:50","19:31:34","5","#35","defense","Deflection","None","Success",2.4,"No","No","No"
"Q4","03:13","19:31:48","2","#9","defense","Personal Foul","None","Foul #3",9,"No","No","No"
"Q4","03:13","19:32:14","Team","Team","defense","Opponent FT Score","None","Loss",9,"No","No","No"
"Q4","03:13","19:32:23","Team","Team","defense","Opponent FT Score","None","Loss",9,"No","No","No"
"Q4","03:02","19:32:39","1","#15","offense","Opponent Foul","None","Success",1.4,"No","No","No"
"Q4","02:55","19:32:56","2","#9","offense","Turnover (Dead)","None","Loss",8.6,"No","No","No"
"Q4","02:55","19:33:03","2","#9","defense","Substitution","None","Slot 2: Out #9 / In #8",0,"No","No","No"
"Q4","02:44","19:33:18","Team","Team","defense","Opponent RIM Shot","RIM","Make",10.8,"Yes","No","No"
"Q4","02:33","19:33:35","1","#15","offense","Opponent Foul","None","Success",0.9,"No","No","Yes"
"Q4","02:33","19:33:46","4","#16","offense","Turnover (Dead)","None","Loss",0.9,"No","No","Yes"
"Q4","02:30","19:33:53","Team","Team","defense","Opponent RIM Shot","RIM","Make",2.9,"Yes","No","Yes"
"Q4","02:17","19:34:13","4","#16","offense","Assist","None","To ##8",12.9,"No","No","Yes"
"Q4","02:17","19:34:13","2","#8","offense","ATB3 Shot","ATB3","Make",12.9,"No","No","Yes"
"Q4","01:56","19:34:29","3","#23","defense","Substitution","None","Slot 3: Out #23 / In #9",1.5,"No","No","No"
"Q4","01:56","19:34:44","Team","Team","defense","Opponent PAINT Shot","PAINT","Miss",1.5,"Yes","No","No"
"Q4","01:56","19:34:45","Team","Team","defense","Opponent Off Reb","None","Loss",1.5,"No","No","No"
"Q4","01:56","19:35:06","5","#35","defense","Personal Foul","None","Foul #4",10,"No","No","No"
"Q4","01:56","19:35:11","Team","Team","defense","Opponent FT Miss","None","Loss",10,"No","No","No"
"Q4","01:56","19:35:16","Team","Team","defense","Opponent FT Score","None","Loss",10,"No","No","No"
"Q4","01:41","19:35:38","1","#15","offense","Turnover (Live)","None","Loss",0,"No","No","Yes"
"Q4","01:35","19:35:45","Team","Team","defense","Opponent RIM Shot","RIM","Miss",5.8,"Yes","No","Yes"
"Q4","01:34","19:35:46","1","#15","defense","Def Rebound","None","Success",6.9,"No","No","Yes"
"Q4","01:28","19:35:53","4","#16","offense","RIM Shot","RIM","Miss",5.6,"Yes","Yes","Yes"
"Q4","01:28","19:35:53","Team","Team","offense","Opponent Block","None","Success",5.6,"Yes","Yes","Yes"
"Q4","01:26","19:35:55","Team","Team","offense","Off Rebound","None","Success",7.3,"No","No","Yes"
"Q4","01:23","19:36:10","2","#8","offense","Turnover (Live)","None","Loss",13.9,"No","No","Yes"
"Q4","01:09","19:36:33","3","#9","defense","Deflection","None","Success",13.6,"No","No","Yes"
"Q4","01:08","19:36:34","Team","Team","defense","Opponent ATB3 Shot","ATB3","Miss",14.6,"No","No","Yes"
"Q4","01:07","19:36:36","5","#35","defense","Def Rebound","None","Success",15.8,"No","No","Yes"
"Q4","00:50.3","19:36:58","1","#15","offense","RIM Shot","RIM","Make",16.9,"Yes","Yes","Yes"
"Q4","00:39.4","19:37:12","Team","Team","defense","Opponent RIM Shot","RIM","Make",0.9,"Yes","No","No"
"Q4","00:32.1","19:37:33","3","#9","offense","Opponent Foul","None","Success",7.3,"No","No","Yes"
"Q4","00:32.1","19:38:01","3","#9","offense","FT","None","Make",7.3,"No","No","Yes"
"Q4","00:32.1","19:38:16","3","#9","offense","FT","None","Make",7.3,"No","No","No"
"Q4","00:32.1","19:38:27","Team","Team","defense","Timeout","None","Opponent",0,"No","No","No"
"Q4","00:22.1","19:38:59","5","#35","defense","Substitution","None","Slot 5: Out #35 / In #11",0,"No","No","No"
"Q4","00:06.1","19:40:22","Team","Team","defense","Opponent C3 Shot","C3","Miss",16,"No","No","No"
"Q4","00:04.9","19:40:23","4","#16","defense","Def Rebound","None","Success",17.2,"No","No","No"
