Game Date: 2026-09-13,Our Team: Our Team,Opponent: Opponent,Report: Advanced Metrics (Full Game Final)

Metric,"Our Team (Our Team)","Opponent (Opponent)"
Game Score,92,81
Average Possessions (Pace),84.0,84.0
Projected 40m Game Pace,85,85
Total Team Possessions,84,84
1. Effective FG% (eFG%),"52.0%","52.5%"
2. Turnover Rate (TO%),"17.7%","21.0%"
3. Offensive Rebound% (OREB%),"35.4%","20.6%"
4. Free Throw Rate (FT Rate),0.17,0.28
3P Attempt Rate (3PAr),"46.1%","36.1%"
Overall Points Per Shot (PPS),1.04,1.05
Points Off Live TO (PTS OFF TO),16,9
Live Turnovers (LTO),10,11
Dead Turnovers (DTO),8,8
Total Fastbreaks,29,29
2nd Chance Points,15,5
Defensive Kills (3 Stops),7,6
Stocks (Steals + Blocks),15,14
Team Fouls,6,5
