Game Date: 2026-08-31,Our Team: CB Argentona,Opponent: Spartans
Period,Game Clock,Timestamp,Slot,Player,Possession State,Action,Zone,Result,Duration(s),Paint Touch,Fastbreak,Crunch Time
"Q1","10:00","21:43:39","3","#6","defense","Substitution","None","Slot 3: Out #6 / In #24",0,"No","No","No"
"Q1","10:00","21:43:43","5","#9","defense","Substitution","None","Slot 5: Out #9 / In #13",0,"No","No","No"
"Q1","09:56","21:46:22","1","#7","offense","RIM Shot","RIM","Miss",3.2,"Yes","Yes","No"
"Q1","09:53","21:46:26","1","#7","offense","Off Rebound","None","Success",6.5,"No","No","No"
"Q1","09:42","21:46:41","1","#7","offense","Assist","None","To ##11",21,"No","No","No"
"Q1","09:42","21:46:41","4","#11","offense","ATB3 Shot","ATB3","Make",21,"No","No","No"
"Q1","09:33","21:46:52","Team","Team","defense","Opponent MR Shot","MR","Miss",9.4,"No","No","No"
"Q1","09:30","21:46:55","4","#11","defense","Def Rebound","None","Success",12.4,"No","No","No"
"Q1","09:13","21:47:15","3","#24","offense","RIM Shot","RIM","Make",16.5,"Yes","No","No"
"Q1","09:03","21:47:28","Team","Team","defense","Opponent ATB3 Shot","ATB3","Make",10.1,"No","No","No"
"Q1","08:35","21:47:47","2","#8","offense","Turnover (Dead)","None","Loss",8,"No","No","No"
"Q1","08:24","21:48:09","4","#11","defense","Personal Foul","None","Foul #1",10,"No","No","No"
"Q1","08:24","21:48:17","Team","Team","defense","Opponent FT Score","None","Loss",10,"No","No","No"
"Q1","08:24","21:48:28","Team","Team","defense","Opponent FT Score","None","Loss",10,"No","No","No"
"Q1","08:08","21:49:02","4","#11","offense","RIM Shot","RIM","Make",0,"Yes","Yes","No"
"Q1","08:08","21:49:02","4","#11","offense","Opponent Foul","None","Success",0,"No","No","No"
"Q1","08:08","21:49:05","4","#11","offense","FT","None","Make",0,"No","No","No"
"Q1","07:52","21:49:24","Team","Team","defense","Opponent Turnover","None","Unforced",16,"No","No","No"
"Q1","07:32","21:49:47","3","#24","offense","ATB3 Shot","ATB3","Miss",19.9,"No","No","No"
"Q1","07:29","21:49:50","1","#7","offense","Off Rebound","None","Success",23,"No","No","No"
"Q1","07:27","21:49:52","1","#7","offense","RIM Shot","RIM","Miss",12,"Yes","No","No"
"Q1","07:26","21:49:53","Team","Team","offense","Opponent Def Rebound","None","Loss",12.7,"No","No","No"
"Q1","07:22","21:50:03","Team","Team","defense","Opponent ATB3 Shot","ATB3","Make",0,"No","Yes","No"
"Q1","07:14","21:50:24","2","#8","offense","Opponent Foul","None","Success",7.3,"No","No","No"
"Q1","07:14","21:50:32","2","#8","offense","FT","None","Miss",7.3,"No","No","No"
"Q1","07:14","21:50:43","2","#8","offense","FT","None","Miss",7.3,"No","No","No"
"Q1","07:14","21:50:44","Team","Team","offense","Opponent Def Rebound","None","Loss",7.3,"No","No","No"
"Q1","06:59","21:51:03","4","#11","defense","Deflection","None","Success",15.3,"No","No","No"
"Q1","06:59","21:51:06","2","#8","defense","Steal","None","Success",15.3,"No","No","No"
"Q1","06:51","21:51:14","3","#24","offense","RIM Shot","RIM","Miss",7.6,"Yes","Yes","No"
"Q1","06:50","21:51:15","Team","Team","offense","Opponent Def Rebound","None","Loss",8.5,"No","No","No"
"Q1","06:48","21:51:17","Team","Team","defense","Opponent RIM Shot","RIM","Miss",2.1,"Yes","Yes","No"
"Q1","06:47","21:51:18","Team","Team","defense","Def Rebound","None","Success",3.3,"No","No","No"
"Q1","06:40","21:51:27","1","#7","offense","Assist","None","To ##11",6.7,"No","Yes","No"
"Q1","06:40","21:51:27","4","#11","offense","ATB3 Shot","ATB3","Make",6.7,"No","No","No"
"Q1","06:03","21:51:42","5","#13","defense","Steal","None","Success",7.3,"No","No","No"
"Q1","05:48","21:52:16","5","#13","offense","RIM Shot","RIM","Miss",15.4,"Yes","No","No"
"Q1","05:47","21:52:17","Team","Team","offense","Opponent Def Rebound","None","Loss",16,"No","No","No"
"Q1","05:43","21:52:29","4","#11","defense","Personal Foul","None","Foul #2",4.4,"No","No","No"
"Q1","05:34","21:52:41","Team","Team","defense","Opponent ATB3 Shot","ATB3","Miss",13.1,"No","No","No"
"Q1","05:33","21:52:43","1","#7","defense","Def Rebound","None","Success",14.5,"No","No","No"
"Q1","05:23","21:52:57","1","#7","offense","Substitution","None","Slot 1: Out #7 / In #9",9.6,"No","No","No"
"Q1","05:23","21:52:58","2","#8","offense","Substitution","None","Slot 2: Out #8 / In #16",9.6,"No","No","No"
"Q1","05:23","21:53:00","3","#24","offense","Substitution","None","Slot 3: Out #24 / In #23",9.6,"No","No","No"
"Q1","05:23","21:53:02","4","#11","offense","Substitution","None","Slot 4: Out #11 / In #32",9.6,"No","No","No"
"Q1","05:23","21:53:03","5","#13","offense","Substitution","None","Slot 5: Out #13 / In #35",9.6,"No","No","No"
"Q1","05:23","21:53:27","1","#23","offense","ATB3 Shot","ATB3","Miss",9.6,"No","No","No"
"Q1","05:23","21:53:28","4","#16","offense","Off Rebound","None","Success",9.6,"No","No","No"
"Q1","05:23","21:53:42","2","#9","offense","Turnover (Dead)","None","Loss",10,"No","No","No"
"Q1","04:56","21:53:59","2","#9","defense","Personal Foul","None","Foul #1",7,"No","No","No"
"Q1","04:56","21:54:11","Team","Team","defense","Opponent PAINT Shot","PAINT","Miss",7,"Yes","Yes","No"
"Q1","04:56","21:54:12","5","#35","defense","Def Rebound","None","Success",7,"No","No","No"
"Q1","04:47","21:54:22","2","#9","offense","Turnover (Live)","None","Loss",9.5,"No","No","No"
"Q1","04:39","21:54:38","5","#35","defense","Personal Foul","None","Foul #1",7.2,"No","No","No"
"Q1","04:39","21:54:48","Team","Team","defense","Opponent FT Score","None","Loss",7.2,"No","No","No"
"Q1","04:39","21:55:00","Team","Team","defense","Opponent FT Score","None","Loss",7.2,"No","No","No"
"Q1","04:30","21:55:20","5","#35","offense","Assist","None","To ##16",9.4,"Yes","No","No"
"Q1","04:30","21:55:20","4","#16","offense","RIM Shot","RIM","Make",9.4,"No","No","No"
"Q1","03:56","21:55:39","Team","Team","defense","Opponent MR Shot","MR","Miss",14.1,"No","No","No"
"Q1","03:55","21:55:40","Team","Team","defense","Opponent Off Reb","None","Loss",14.9,"No","No","No"
"Q1","03:54","21:55:45","Team","Team","defense","Opponent RIM Shot","RIM","Make",0,"Yes","Yes","No"
"Q1","03:44","21:55:56","2","#9","offense","RIM Shot","RIM","Miss",9.8,"Yes","No","No"
"Q1","03:43","21:55:57","Team","Team","offense","Opponent Def Rebound","None","Loss",10.4,"No","No","No"
"Q1","03:39","21:56:01","2","#9","defense","Steal","None","Success",4.4,"No","No","No"
"Q1","03:35","21:56:12","2","#9","offense","Opponent Foul","None","Success",3.3,"No","No","No"
"Q1","03:35","21:56:27","1","#23","offense","Assist","None","To ##9",3.3,"No","Yes","No"
"Q1","03:35","21:56:27","2","#9","offense","C3 Shot","C3","Make",3.3,"No","No","No"
"Q1","03:30","21:56:36","2","#9","defense","Steal","None","Success",5.3,"No","No","No"
"Q1","03:29","21:56:40","2","#9","offense","RIM Shot","RIM","Make",0.9,"Yes","Yes","No"
"Q1","03:20","21:56:52","Team","Team","defense","Opponent ATB3 Shot","ATB3","Miss",9.2,"No","No","No"
"Q1","03:18","21:56:54","2","#9","defense","Def Rebound","None","Success",11.1,"No","No","No"
"Q1","03:06","21:57:06","2","#9","offense","ATB3 Shot","ATB3","Miss",11.7,"No","No","No"
"Q1","03:06","21:57:07","Team","Team","offense","Opponent Def Rebound","None","Loss",12.5,"No","No","No"
"Q1","02:42","21:57:53","1","#23","defense","Personal Foul","None","Foul #1",3.4,"No","No","No"
"Q1","02:42","21:57:54","Team","Team","defense","Opponent FT Score","None","Loss",3.4,"No","No","No"
"Q1","02:42","21:58:03","Team","Team","defense","Opponent FT Score","None","Loss",3.4,"No","No","No"
"Q1","02:25","21:58:26","1","#23","offense","Assist","None","To ##9",17.6,"No","No","No"
"Q1","02:25","21:58:26","2","#9","offense","ATB3 Shot","ATB3","Make",17.6,"No","No","No"
"Q1","02:09","21:58:43","1","#23","defense","Steal","None","Success",15.5,"No","No","No"
"Q1","02:00","21:58:53","3","#32","offense","ATB3 Shot","ATB3","Miss",9.3,"No","No","No"
"Q1","01:55","21:58:58","Team","Team","offense","Opponent Def Rebound","None","Loss",14.6,"No","No","No"
"Q1","01:40","21:59:13","Team","Team","defense","Opponent MR Shot","MR","Miss",14.3,"No","No","No"
"Q1","01:39","21:59:14","Team","Team","defense","Opponent Off Reb","None","Loss",15.3,"No","No","No"
"Q1","01:38","21:59:16","Team","Team","defense","Opponent PAINT Shot","PAINT","Make",11.5,"Yes","No","No"
"Q1","01:14","21:59:42","1","#23","offense","C3 Shot","C3","Miss",23.6,"No","No","No"
"Q1","01:14","21:59:46","4","#16","offense","Off Rebound","None","Success",0,"No","No","No"
"Q1","01:14","21:59:56","4","#16","offense","Opponent Foul","None","Success",10,"No","No","No"
"Q1","01:14","22:00:01","4","#16","offense","FT","None","Miss",10,"No","No","No"
"Q1","01:14","22:00:13","4","#16","offense","FT","None","Make",10,"No","No","No"
"Q1","01:11","22:00:19","5","#35","defense","Substitution","None","Slot 5: Out #35 / In #13",2.4,"No","No","No"
"Q1","00:50.2","22:00:46","Team","Team","defense","Opponent ATB3 Shot","ATB3","Miss",0,"No","Yes","No"
"Q1","00:50.2","22:00:48","3","#32","defense","Def Rebound","None","Success",0,"No","No","No"
"Q1","00:44.0","22:01:48","3","#32","offense","ATB3 Shot","ATB3","Make",11.2,"No","No","No"
"Q1","00:29.0","22:02:07","Team","Team","defense","Opponent PAINT Shot","PAINT","Miss",15,"Yes","No","No"
"Q1","00:28.3","22:02:07","Team","Team","defense","Opponent Off Reb","None","Loss",15.7,"No","No","No"
"Q1","00:27.4","22:02:08","Team","Team","defense","Opponent RIM Shot","RIM","Miss",10.9,"Yes","No","No"
"Q1","00:25.1","22:02:11","4","#16","defense","Def Rebound","None","Success",13.2,"No","No","No"
"Q1","00:10.2","22:02:25","1","#23","offense","Substitution","None","Slot 1: Out #23 / In #8",4.9,"No","No","No"
"Q1","00:10.2","22:03:14","Team","Team","offense","Timeout","None","CB Argentona",4.9,"No","No","No"
"Q1","00:03.0","22:04:30","2","#9","offense","ATB3 Shot","ATB3","Miss",0,"No","Yes","No"
"Q1","00:03.0","22:04:32","1","#8","offense","Off Rebound","None","Success",0,"No","No","No"
"Q1","00:01.8","22:04:37","1","#8","offense","RIM Shot","RIM","Make",11.1,"Yes","No","No"
"Q2","10:00","22:05:02","Team","Team","defense","Period Change","None","Started Quarter 2",0,"No","No","No"
"Q2","09:47","22:06:04","2","#9","offense","Turnover (Dead)","None","Loss",3.5,"No","No","No"
"Q2","09:47","22:06:40","2","#9","defense","Personal Foul","None","Foul #2",0,"No","No","No"
"Q2","09:47","22:06:41","Team","Team","defense","Opponent FT Miss","None","Loss",0,"No","No","No"
"Q2","09:47","22:06:41","Team","Team","defense","Opponent FT Score","None","Loss",0,"No","No","No"
"Q2","09:42","22:06:49","3","#32","offense","Substitution","None","Slot 3: Out #32 / In #24",4.7,"No","No","No"
"Q2","09:25","22:07:08","1","#8","offense","C3 Shot","C3","Miss",22.5,"No","No","No"
"Q2","09:23","22:07:11","5","#13","offense","Off Rebound","None","Success",0,"No","No","No"
"Q2","09:23","22:07:36","5","#13","offense","Opponent Foul","None","Success",10,"No","No","No"
"Q2","09:23","22:07:36","5","#13","offense","FT","None","Make",10,"No","No","No"
"Q2","09:23","22:07:41","5","#13","offense","FT","None","Miss",10,"No","No","No"
"Q2","09:23","22:07:41","Team","Team","offense","Opponent Def Rebound","None","Loss",10,"No","No","No"
"Q2","09:22","22:07:55","Team","Team","defense","Opponent C3 Shot","C3","Miss",1.3,"No","Yes","No"
"Q2","09:22","22:07:56","Team","Team","defense","Def Rebound","None","Success",1.3,"No","No","No"
"Q2","09:12","22:08:09","3","#24","offense","Assist","None","To ##16",10.3,"Yes","No","No"
"Q2","09:12","22:08:09","4","#16","offense","PAINT Shot","PAINT","Make",10.3,"No","No","No"
"Q2","09:04","22:08:20","Team","Team","defense","Opponent ATB3 Shot","ATB3","Make",8,"No","No","No"
"Q2","08:55","22:08:32","1","#8","offense","ATB3 Shot","ATB3","Miss",8.1,"No","No","No"
"Q2","08:55","22:08:32","Team","Team","offense","Opponent Def Rebound","None","Loss",8.6,"No","No","No"
"Q2","08:49","22:08:38","Team","Team","defense","Opponent ATB3 Shot","ATB3","Make",5.8,"No","Yes","No"
"Q2","08:32","22:09:00","1","#8","offense","MR Shot","MR","Make",16.8,"No","No","No"
"Q2","08:23","22:09:13","1","#8","defense","Deflection","None","Success",9.3,"No","No","No"
"Q2","08:21","22:09:31","Team","Team","defense","Opponent PAINT Shot","PAINT","Make",11.5,"Yes","No","No"
"Q2","08:19","22:09:36","5","#13","offense","Substitution","None","Slot 5: Out #13 / In #11",1.7,"No","No","No"
"Q2","08:14","22:09:41","3","#24","offense","RIM Shot","RIM","Miss",6.8,"Yes","Yes","No"
"Q2","08:14","22:09:41","Team","Team","offense","Opponent Def Rebound","None","Loss",7.3,"No","No","No"
"Q2","08:06","22:09:49","Team","Team","defense","Opponent RIM Shot","RIM","Make",7.5,"Yes","Yes","No"
"Q2","07:25","22:10:39","3","#24","offense","Opponent Foul","None","Success",10,"No","No","No"
"Q2","07:25","22:10:57","5","#11","offense","RIM Shot","RIM","Miss",10,"Yes","No","No"
"Q2","07:25","22:10:57","Team","Team","offense","Opponent Block","None","Success",10,"Yes","No","No"
"Q2","07:25","22:10:58","Team","Team","offense","Opponent Def Rebound","None","Loss",10,"No","No","No"
"Q2","07:23","22:11:08","Team","Team","defense","Opponent RIM Shot","RIM","Make",0,"Yes","Yes","No"
"Q2","07:23","22:11:13","1","#8","defense","Personal Foul","None","Foul #1",0,"No","No","No"
"Q2","07:23","22:11:13","Team","Team","defense","Opponent FT Score","None","Loss",0,"No","No","No"
"Q2","07:23","22:11:33","1","#8","offense","Personal Foul","None","Offensive",0.6,"No","No","No"
"Q2","07:23","22:11:33","1","#8","offense","Turnover (Dead)","None","Offensive Foul",0.6,"No","No","No"
"Q2","07:23","22:12:24","4","#16","defense","Deflection","None","Success",0,"No","No","No"
"Q2","07:23","22:12:29","4","#16","defense","Steal","None","Success",0,"No","No","No"
"Q2","07:05","22:12:48","1","#8","offense","Turnover (Live)","None","Loss",17.6,"No","No","No"
"Q2","07:00","22:12:53","Team","Team","defense","Opponent ATB3 Shot","ATB3","Make",5.2,"No","Yes","No"
"Q2","05:51","22:13:09","1","#8","offense","ATB3 Shot","ATB3","Miss",8.7,"No","No","No"
"Q2","05:50","22:13:10","4","#16","offense","Off Rebound","None","Success",10,"No","No","No"
"Q2","05:46","22:13:16","4","#16","offense","Assist","None","To ##24",13.4,"Yes","No","No"
"Q2","05:46","22:13:16","3","#24","offense","RIM Shot","RIM","Make",13.4,"No","No","No"
"Q2","05:42","22:13:24","3","#24","defense","Steal","None","Success",4.7,"No","No","No"
"Q2","05:24","22:13:42","2","#9","offense","Substitution","None","Slot 2: Out #9 / In #7",17.6,"No","No","No"
"Q2","05:21","22:13:45","2","#7","offense","Turnover (Live)","None","Loss",20.6,"No","No","No"
"Q2","05:17","22:13:50","2","#7","defense","Substitution","None","Slot 2: Out #7 / In #23",4.3,"No","No","No"
"Q2","04:58","22:14:10","Team","Team","defense","Opponent RIM Shot","RIM","Make",22.6,"Yes","No","No"
"Q2","04:50","22:14:22","1","#24","offense","Turnover (Live)","None","Loss",8.3,"No","No","No"
"Q2","04:26","22:14:50","4","#16","defense","Substitution","None","Slot 4: Out #16 / In #35",0,"No","No","No"
"Q2","04:26","22:14:55","2","#8","defense","Substitution","None","Slot 2: Out #8 / In #9",0,"No","No","No"
"Q2","04:19","22:15:24","Team","Team","defense","Opponent MR Shot","MR","Miss",6.7,"No","Yes","No"
"Q2","04:19","22:15:26","4","#35","defense","Def Rebound","None","Success",6.7,"No","No","No"
"Q2","04:08","22:15:38","2","#9","offense","MR Shot","MR","Miss",11.5,"No","No","No"
"Q2","04:07","22:15:39","Team","Team","offense","Opponent Def Rebound","None","Loss",12.2,"No","No","No"
"Q2","03:51","22:15:56","3","#24","defense","Deflection","None","Success",16.5,"No","No","No"
"Q2","03:47","22:16:00","3","#24","defense","Steal","None","Success",20.4,"No","No","No"
"Q2","03:42","22:16:19","3","#24","offense","Opponent Foul","None","Success",4.8,"No","No","No"
"Q2","03:42","22:16:27","Team","Team","offense","Timeout","None","CB Argentona",4.8,"No","No","No"
"Q2","03:42","22:17:56","1","#23","offense","Turnover (Live)","None","Loss",4.8,"No","No","No"
"Q2","03:38","22:18:00","Team","Team","defense","Opponent RIM Shot","RIM","Miss",4.1,"Yes","Yes","No"
"Q2","03:37","22:18:01","Team","Team","defense","Opponent Off Reb","None","Loss",4.6,"No","No","No"
"Q2","03:33","22:18:21","5","#11","defense","Personal Foul","None","Foul #2",10,"No","No","No"
"Q2","03:33","22:18:28","3","#24","defense","Substitution","None","Slot 3: Out #24 / In #32",10,"No","No","No"
"Q2","03:33","22:18:29","Team","Team","defense","Opponent FT Score","None","Loss",10,"No","No","No"
"Q2","03:33","22:18:37","Team","Team","defense","Opponent FT Score","None","Loss",10,"No","No","No"
"Q2","03:16","22:18:57","5","#11","offense","PAINT Shot","PAINT","Miss",17,"Yes","No","No"
"Q2","03:15","22:18:58","Team","Team","offense","Opponent Def Rebound","None","Loss",17.7,"No","No","No"
"Q2","02:59","22:19:14","Team","Team","defense","Opponent MR Shot","MR","Miss",15.4,"No","No","No"
"Q2","02:59","22:19:14","Team","Team","defense","Opponent Off Reb","None","Loss",15.9,"No","No","No"
"Q2","02:48","22:19:25","Team","Team","defense","Opponent MR Shot","MR","Miss",20.5,"No","No","No"
"Q2","02:47","22:19:26","Team","Team","defense","Opponent Off Reb","None","Loss",21.8,"No","No","No"
"Q2","02:34","22:19:53","5","#11","defense","Personal Foul","None","Foul #3",10,"No","No","No"
"Q2","02:30","22:20:02","Team","Team","defense","Opponent ATB3 Shot","ATB3","Miss",13.7,"No","No","No"
"Q2","02:29","22:20:04","4","#35","defense","Def Rebound","None","Success",15.3,"No","No","No"
"Q2","02:20","22:20:13","3","#32","offense","ATB3 Shot","ATB3","Miss",9,"No","No","No"
"Q2","02:19","22:20:14","Team","Team","offense","Opponent Def Rebound","None","Loss",9.4,"No","No","No"
"Q2","02:16","22:20:18","Team","Team","defense","Opponent Turnover","None","Unforced",3.4,"No","No","No"
"Q2","02:16","22:20:23","4","#35","offense","Assist","None","To ##11",0,"Yes","Yes","No"
"Q2","02:16","22:20:23","5","#11","offense","RIM Shot","RIM","Make",0,"No","No","No"
"Q2","01:58","22:20:45","Team","Team","defense","Opponent PAINT Shot","PAINT","Miss",18.1,"Yes","No","No"
"Q2","01:56","22:20:47","2","#9","defense","Def Rebound","None","Success",19.5,"No","No","No"
"Q2","01:49","22:20:55","4","#35","offense","Assist","None","To ##11",7,"Yes","Yes","No"
"Q2","01:49","22:20:55","5","#11","offense","RIM Shot","RIM","Make",7,"No","No","No"
"Q2","01:47","22:21:02","Team","Team","defense","Opponent Turnover","None","Unforced",2.5,"No","No","No"
"Q2","01:47","22:21:09","4","#35","offense","Substitution","None","Slot 4: Out #35 / In #13",0,"No","No","No"
"Q2","01:47","22:21:17","3","#32","offense","Turnover (Live)","None","Loss",0,"No","No","No"
"Q2","01:40","22:21:25","Team","Team","defense","Opponent ATB3 Shot","ATB3","Miss",6.8,"No","Yes","No"
"Q2","01:39","22:21:26","4","#11","defense","Def Rebound","None","Success",8.3,"No","No","No"
"Q2","01:24","22:21:41","2","#9","offense","C3 Shot","C3","Miss",14.3,"No","No","No"
"Q2","01:24","22:21:42","Team","Team","offense","Opponent Def Rebound","None","Loss",14.9,"No","No","No"
"Q2","01:15","22:21:50","Team","Team","defense","Opponent RIM Shot","RIM","Miss",8.4,"Yes","No","No"
"Q2","01:15","22:21:51","Team","Team","defense","Opponent Off Reb","None","Loss",9.1,"No","No","No"
"Q2","01:14","22:21:52","Team","Team","defense","Opponent RIM Shot","RIM","Make",10.6,"Yes","No","No"
"Q2","00:52.3","22:22:10","2","#9","offense","PAINT Shot","PAINT","Miss",2.1,"Yes","Yes","No"
"Q2","00:52.3","22:22:12","4","#11","offense","Off Rebound","None","Success",2.1,"No","No","No"
"Q2","00:45.2","22:22:32","4","#11","offense","PAINT Shot","PAINT","Miss",17.1,"Yes","No","No"
"Q2","00:43.6","22:22:34","5","#13","offense","Off Rebound","None","Success",18.7,"No","No","No"
"Q2","00:29.5","22:22:57","2","#9","offense","MR Shot","MR","Make",0,"No","Yes","No"
"Q2","00:27.7","22:23:04","Team","Team","defense","Timeout","None","Spartans",1.8,"No","No","No"
"Q2","00:27.7","22:24:50","Team","Team","defense","Opponent ATB3 Shot","ATB3","Miss",1.8,"No","Yes","No"
"Q2","00:27.7","22:24:53","Team","Team","defense","Def Rebound","None","Success",1.8,"No","No","No"
"Q2","00:16.7","22:25:18","1","#23","offense","Opponent Foul","None","Success",10,"No","No","No"
"Q2","00:16.7","22:25:20","2","#9","offense","ATB3 Shot","ATB3","Miss",10,"No","No","No"
"Q2","00:16.7","22:25:22","Team","Team","offense","Opponent Def Rebound","None","Loss",10,"No","No","No"
"Q3","10:00","22:29:52","Team","Team","defense","Period Change","None","Started Quarter 3",0,"No","No","No"
"Q3","10:00","22:31:08","3","#32","defense","Substitution","None","Slot 3: Out #32 / In #8",0,"No","No","No"
"Q3","10:00","22:31:13","4","#11","defense","Substitution","None","Slot 4: Out #11 / In #24",0,"No","No","No"
"Q3","10:00","22:31:15","5","#13","defense","Substitution","None","Slot 5: Out #13 / In #16",0,"No","No","No"
"Q3","09:48","22:31:27","5","#16","defense","Personal Foul","None","Foul #1",1.4,"No","No","No"
"Q3","09:48","22:31:30","Team","Team","defense","Opponent FT Score","None","Loss",1.4,"No","No","No"
"Q3","09:48","22:31:42","Team","Team","defense","Opponent FT Score","None","Loss",1.4,"No","No","No"
"Q3","09:35","22:31:58","4","#24","offense","Turnover (Live)","None","Loss",13.2,"No","No","No"
"Q3","09:19","22:32:14","Team","Team","defense","Opponent RIM Shot","RIM","Miss",15.7,"Yes","No","No"
"Q3","09:18","22:32:15","Team","Team","defense","Opponent Off Reb","None","Loss",16.5,"No","No","No"
"Q3","09:18","22:32:16","Team","Team","defense","Opponent RIM Shot","RIM","Miss",10.7,"Yes","No","No"
"Q3","09:17","22:32:16","Team","Team","defense","Opponent Off Reb","None","Loss",11.2,"No","No","No"
"Q3","09:16","22:32:17","Team","Team","defense","Opponent RIM Shot","RIM","Make",10.9,"Yes","No","No"
"Q3","09:06","22:32:31","3","#8","offense","ATB3 Shot","ATB3","Miss",10.3,"No","No","No"
"Q3","09:02","22:32:35","5","#16","offense","Off Rebound","None","Success",14.4,"No","No","No"
"Q3","09:00","22:32:39","5","#16","offense","RIM Shot","RIM","Make",11.9,"Yes","No","No"
"Q3","08:50","22:32:52","Team","Team","defense","Opponent RIM Shot","RIM","Miss",9.6,"Yes","No","No"
"Q3","08:48","22:32:55","4","#24","defense","Def Rebound","None","Success",11.7,"No","No","No"
"Q3","08:45","22:32:57","4","#24","offense","Turnover (Live)","None","Loss",2.8,"No","No","No"
"Q3","08:32","22:33:24","3","#8","defense","Personal Foul","None","Foul #2",10,"No","No","No"
"Q3","08:32","22:33:32","Team","Team","defense","Opponent FT Score","None","Loss",10,"No","No","No"
"Q3","08:32","22:33:45","Team","Team","defense","Opponent FT Score","None","Loss",10,"No","No","No"
"Q3","08:22","22:33:58","3","#8","offense","ATB3 Shot","ATB3","Miss",10.2,"No","No","No"
"Q3","08:21","22:33:59","Team","Team","offense","Opponent Def Rebound","None","Loss",11.4,"No","No","No"
"Q3","08:12","22:34:09","Team","Team","defense","Opponent RIM Shot","RIM","Miss",9,"Yes","No","No"
"Q3","08:11","22:34:09","Team","Team","defense","Opponent Off Reb","None","Loss",9.7,"No","No","No"
"Q3","08:06","22:34:14","Team","Team","defense","Opponent RIM Shot","RIM","Make",14.8,"Yes","No","No"
"Q3","07:51","22:34:32","3","#8","offense","ATB3 Shot","ATB3","Miss",15.1,"No","No","No"
"Q3","07:50","22:34:34","2","#9","offense","Off Rebound","None","Success",16.8,"No","No","No"
"Q3","07:45","22:34:42","4","#24","offense","Assist","None","To ##9",15,"No","No","No"
"Q3","07:45","22:34:42","2","#9","offense","C3 Shot","C3","Make",15,"No","No","No"
"Q3","07:42","22:34:48","2","#9","defense","Steal","None","Success",2.8,"No","No","No"
"Q3","07:36","22:35:02","2","#9","offense","Opponent Foul","None","Success",5.7,"No","No","No"
"Q3","07:36","22:35:11","5","#16","offense","Substitution","None","Slot 5: Out #16 / In #11",5.7,"No","No","No"
"Q3","07:36","22:35:15","2","#9","offense","FT","None","Make",5.7,"No","No","No"
"Q3","07:36","22:35:23","2","#9","offense","FT","None","Make",5.7,"No","No","No"
"Q3","07:21","22:35:42","4","#24","defense","Steal","None","Success",15.1,"No","No","No"
"Q3","07:16","22:35:48","4","#24","offense","Assist","None","To ##9",4.7,"Yes","Yes","No"
"Q3","07:16","22:35:48","2","#9","offense","RIM Shot","RIM","Make",4.7,"No","No","No"
"Q3","07:08","22:36:00","3","#8","defense","Steal","None","Success",8.2,"No","No","No"
"Q3","07:01","22:36:10","1","#23","offense","Assist","None","To ##11",6.8,"No","Yes","No"
"Q3","07:00","22:36:44","1","#23","offense","Assist","None","To ##11",0,"No","Yes","No"
"Q3","07:00","22:36:44","5","#11","offense","MR Shot","MR","Make",0,"No","No","No"
"Q3","07:00","22:36:47","Team","Team","defense","Timeout","None","Spartans",0,"No","No","No"
"Q3","07:00","22:38:14","Team","Team","defense","Opponent RIM Shot","RIM","Make",0,"Yes","Yes","No"
"Q3","05:51","22:38:31","4","#24","offense","Assist","None","To ##11",9,"Yes","No","No"
"Q3","05:51","22:38:31","5","#11","offense","RIM Shot","RIM","Make",9,"No","No","No"
"Q3","05:44","22:38:42","1","#23","defense","Steal","None","Success",7.2,"No","No","No"
"Q3","05:36","22:38:49","5","#11","offense","RIM Shot","RIM","Miss",7.4,"Yes","Yes","No"
"Q3","05:35","22:38:50","Team","Team","offense","Opponent Def Rebound","None","Loss",8.5,"No","No","No"
"Q3","05:20","22:39:06","Team","Team","defense","Opponent PAINT Shot","PAINT","Miss",14.8,"Yes","No","No"
"Q3","05:18","22:39:08","5","#11","defense","Def Rebound","None","Success",16.9,"No","No","No"
"Q3","05:09","22:39:29","2","#9","offense","Substitution","None","Slot 2: Out #9 / In #32",9.7,"No","No","No"
"Q3","05:09","22:39:45","2","#8","offense","Assist","None","To ##11",9.7,"Yes","No","No"
"Q3","05:09","22:39:45","5","#11","offense","RIM Shot","RIM","Make",9.7,"No","No","No"
"Q3","05:08","22:39:49","Team","Team","defense","Opponent Turnover","None","Unforced",0.5,"No","No","No"
"Q3","05:08","22:39:53","2","#8","offense","Turnover (Live)","None","Loss",0,"No","No","No"
"Q3","04:54","22:40:08","Team","Team","defense","Opponent MR Shot","MR","Miss",14.3,"No","No","No"
"Q3","04:52","22:40:09","4","#24","defense","Def Rebound","None","Success",15.7,"No","No","No"
"Q3","04:49","22:40:12","4","#24","offense","Turnover (Live)","None","Loss",3.2,"No","No","No"
"Q3","04:43","22:40:35","4","#24","defense","Substitution","None","Slot 4: Out #24 / In #13",6.1,"No","No","No"
"Q3","04:43","22:40:37","5","#11","defense","Personal Foul","None","Foul #4",6.1,"No","No","No"
"Q3","04:43","22:40:41","Team","Team","defense","Opponent ATB3 Shot","ATB3","Miss",6.1,"No","Yes","No"
"Q3","04:43","22:40:43","4","#13","defense","Def Rebound","None","Success",6.1,"No","No","No"
"Q3","04:37","22:40:49","2","#8","offense","Turnover (Live)","None","Loss",6,"No","No","No"
"Q3","04:32","22:40:56","Team","Team","defense","Opponent Turnover","None","Unforced",5.5,"No","No","No"
"Q3","04:09","22:41:26","2","#8","offense","Turnover (Dead)","None","Loss",2.7,"No","No","No"
"Q3","04:04","22:41:40","1","#23","defense","Substitution","None","Slot 1: Out #23 / In #7",5.3,"No","No","No"
"Q3","03:58","22:41:47","Team","Team","defense","Opponent Turnover","None","Unforced",11.4,"No","No","No"
"Q3","03:44","22:42:18","4","#13","offense","Opponent Foul","None","Success",10,"No","No","No"
"Q3","03:44","22:42:22","4","#13","offense","FT","None","Miss",10,"No","No","No"
"Q3","03:44","22:42:31","4","#13","offense","FT","None","Miss",10,"No","No","No"
"Q3","03:44","22:42:35","Team","Team","offense","Opponent Def Rebound","None","Loss",10,"No","No","No"
"Q3","03:26","22:42:54","Team","Team","defense","Opponent RIM Shot","RIM","Miss",18,"Yes","No","No"
"Q3","03:26","22:42:54","4","#13","defense","Block","None","Success",18,"No","No","No"
"Q3","03:24","22:42:56","4","#13","defense","Def Rebound","None","Success",19.8,"No","No","No"
"Q3","03:18","22:43:05","1","#7","offense","Turnover (Dead)","None","Loss",0,"No","No","No"
"Q3","03:18","22:43:15","Team","Team","defense","Opponent Turnover","None","Unforced",0,"No","No","No"
"Q3","03:18","22:43:18","1","#7","offense","Turnover (Dead)","None","Loss",0,"No","No","No"
"Q3","03:18","22:43:30","Team","Team","defense","Opponent MR Shot","MR","Miss",0,"No","Yes","No"
"Q3","03:18","22:43:31","Team","Team","defense","Opponent Off Reb","None","Loss",0,"No","No","No"
"Q3","03:18","22:43:37","Team","Team","defense","Opponent RIM Shot","RIM","Make",10,"Yes","No","No"
"Q3","02:59","22:44:02","2","#8","offense","C3 Shot","C3","Miss",19.5,"No","No","No"
"Q3","02:57","22:44:03","4","#13","offense","Off Rebound","None","Success",20.8,"No","No","No"
"Q3","02:43","22:44:24","3","#32","offense","ATB3 Shot","ATB3","Miss",0,"No","Yes","No"
"Q3","02:43","22:44:26","5","#11","offense","Off Rebound","None","Success",0,"No","No","No"
"Q3","02:43","22:44:29","5","#11","offense","RIM Shot","RIM","Miss",10,"Yes","No","No"
"Q3","02:43","22:44:32","Team","Team","offense","Off Rebound","None","Success",10,"No","No","No"
"Q3","02:43","22:44:46","1","#7","offense","Turnover (Live)","None","Loss",10,"No","No","No"
"Q3","02:37","22:44:52","Team","Team","defense","Opponent RIM Shot","RIM","Make",6.3,"Yes","Yes","No"
"Q3","02:16","22:45:21","5","#11","offense","RIM Shot","RIM","Make",21,"Yes","No","No"
"Q3","02:16","22:45:21","5","#11","offense","Opponent Foul","None","Success",21,"No","No","No"
"Q3","02:16","22:45:36","5","#11","offense","FT","None","Miss",21,"No","No","No"
"Q3","02:16","22:45:38","Team","Team","offense","Opponent Def Rebound","None","Loss",21,"No","No","No"
"Q3","02:12","22:45:42","2","#8","defense","Deflection","None","Success",4,"No","No","No"
"Q3","02:01","22:45:53","Team","Team","defense","Opponent RIM Shot","RIM","Make",14.5,"Yes","No","No"
"Q3","01:37","22:46:15","2","#8","offense","Assist","None","To ##11",14,"Yes","No","No"
"Q3","01:37","22:46:15","5","#11","offense","RIM Shot","RIM","Make",14,"No","No","No"
"Q3","01:24","22:46:33","5","#11","defense","Substitution","None","Slot 5: Out #11 / In #35",13.5,"No","No","No"
"Q3","01:15","22:46:42","Team","Team","defense","Opponent RIM Shot","RIM","Make",22.1,"Yes","No","No"
"Q3","01:02","22:47:19","2","#8","offense","Substitution","None","Slot 2: Out #8 / In #23",13.5,"No","No","No"
"Q3","01:02","22:47:32","3","#32","offense","ATB3 Shot","ATB3","Miss",13.5,"No","No","No"
"Q3","01:02","22:47:34","4","#13","offense","Off Rebound","None","Success",13.5,"No","No","No"
"Q3","01:02","22:47:37","5","#35","offense","RIM Shot","RIM","Miss",10,"Yes","No","No"
"Q3","01:02","22:47:40","5","#35","offense","Off Rebound","None","Success",10,"No","No","No"
"Q3","01:02","22:47:42","5","#35","offense","PAINT Shot","PAINT","Miss",10,"Yes","No","No"
"Q3","01:02","22:47:43","Team","Team","offense","Opponent Def Rebound","None","Loss",10,"No","No","No"
"Q3","00:58.7","22:47:50","3","#32","defense","Personal Foul","None","Foul #1",3.5,"No","No","No"
"Q3","00:58.7","22:48:08","Team","Team","defense","Opponent MR Shot","MR","Miss",3.5,"No","Yes","No"
"Q3","00:58.7","22:48:22","Team","Team","defense","Def Rebound","None","Success",3.5,"No","No","No"
"Q3","00:52.2","22:48:32","3","#32","offense","Assist","None","To ##7",6.5,"No","Yes","No"
"Q3","00:52.2","22:48:32","1","#7","offense","C3 Shot","C3","Make",6.5,"No","No","No"
"Q4","10:00","22:49:55","Team","Team","defense","Period Change","None","Started Quarter 4",0,"No","No","No"
"Q4","09:39","22:50:48","5","#35","offense","RIM Shot","RIM","Miss",1.9,"Yes","Yes","No"
"Q4","09:38","22:50:50","Team","Team","offense","Off Rebound","None","Success",3.6,"No","No","No"
"Q4","09:30","22:50:58","4","#13","offense","Turnover (Dead)","None","Loss",17.5,"No","No","No"
"Q4","09:20","22:51:18","1","#7","defense","Personal Foul","None","Foul #2",9.6,"No","No","No"
"Q4","09:20","22:51:25","Team","Team","defense","Opponent FT Score","None","Loss",9.6,"No","No","No"
"Q4","09:20","22:51:35","Team","Team","defense","Opponent FT Score","None","Loss",9.6,"No","No","No"
"Q4","09:11","22:52:04","4","#13","offense","Opponent Foul","None","Success",9.9,"No","No","No"
"Q4","09:07","22:52:34","3","#32","offense","Opponent Foul","None","Success",10,"No","No","No"
"Q4","09:07","22:52:41","5","#35","offense","RIM Shot","RIM","Make",10,"Yes","No","No"
"Q4","09:07","22:52:56","Team","Team","defense","Opponent RIM Shot","RIM","Miss",0,"Yes","Yes","No"
"Q4","09:07","22:52:56","5","#35","defense","Block","None","Success",0,"No","No","No"
"Q4","09:07","22:52:58","3","#32","defense","Def Rebound","None","Success",0,"No","No","No"
"Q4","09:03","22:53:02","1","#7","offense","Turnover (Live)","None","Loss",3.9,"No","No","No"
"Q4","09:00","22:53:05","Team","Team","defense","Opponent RIM Shot","RIM","Make",3.3,"Yes","Yes","No"
"Q4","08:28","22:53:23","4","#13","offense","RIM Shot","RIM","Miss",11.4,"Yes","No","No"
"Q4","08:27","22:53:24","Team","Team","offense","Opponent Def Rebound","None","Loss",12.5,"No","No","No"
"Q4","08:25","22:53:27","1","#7","defense","Steal","None","Success",2.6,"No","No","No"
"Q4","08:19","22:53:47","1","#7","offense","Substitution","None","Slot 1: Out #7 / In #9",6.1,"No","No","No"
"Q4","08:19","22:53:50","3","#32","offense","Substitution","None","Slot 3: Out #32 / In #24",6.1,"No","No","No"
"Q4","08:19","22:53:55","4","#13","offense","Substitution","None","Slot 4: Out #13 / In #16",6.1,"No","No","No"
"Q4","08:19","22:54:12","Team","Team","offense","Opponent Foul","None","Success",6.1,"No","No","No"
"Q4","08:19","22:54:23","1","#23","offense","PAINT Shot","PAINT","Miss",6.1,"Yes","Yes","No"
"Q4","08:19","22:54:24","Team","Team","offense","Opponent Def Rebound","None","Loss",6.1,"No","No","No"
"Q4","08:17","22:54:27","4","#16","defense","Personal Foul","None","Foul #2",1.5,"No","No","No"
"Q4","08:17","22:54:34","Team","Team","defense","Opponent FT Miss","None","Loss",1.5,"No","No","No"
"Q4","07:57","22:55:02","Team","Team","defense","Opponent FT Miss","None","Loss",1.5,"No","No","No"
"Q4","07:57","22:55:04","5","#35","defense","Def Rebound","None","Success",1.5,"No","No","No"
"Q4","07:46","22:55:16","3","#24","offense","Turnover (Live)","None","Loss",11.6,"No","No","No"
"Q4","07:29","22:55:33","Team","Team","defense","Opponent ATB3 Shot","ATB3","Miss",16.7,"No","No","No"
"Q4","07:28","22:55:35","4","#16","defense","Def Rebound","None","Success",18,"No","No","No"
"Q4","07:23","22:55:44","4","#16","offense","Opponent Foul","None","Success",4.3,"No","No","No"
"Q4","07:23","22:55:51","4","#16","offense","Turnover (Live)","None","Loss",4.3,"No","No","No"
"Q4","07:13","22:56:06","Team","Team","defense","Opponent ATB3 Shot","ATB3","Miss",0,"No","Yes","No"
"Q4","07:13","22:56:08","3","#24","defense","Def Rebound","None","Success",0,"No","No","No"
"Q4","07:08","22:56:14","3","#24","offense","Turnover (Live)","None","Loss",5.6,"No","No","No"
"Q4","07:01","22:56:21","2","#9","defense","Steal","None","Success",7.3,"No","No","No"
"Q4","06:55","22:56:27","3","#24","offense","Turnover (Live)","None","Loss",5.6,"No","No","No"
"Q4","06:51","22:56:31","Team","Team","defense","Opponent RIM Shot","RIM","Make",3.6,"Yes","Yes","No"
"Q4","06:33","22:56:54","4","#16","offense","RIM Shot","RIM","Miss",7.9,"Yes","Yes","No"
"Q4","06:32","22:56:56","5","#35","offense","Off Rebound","None","Success",9.1,"No","No","No"
"Q4","06:28","22:57:00","5","#35","offense","Turnover (Live)","None","Loss",13.9,"No","No","No"
"Q4","05:57","22:57:14","1","#23","defense","Steal","None","Success",11.6,"No","No","No"
"Q4","05:53","22:57:39","4","#16","offense","Substitution","None","Slot 4: Out #16 / In #11",3.8,"No","No","No"
"Q4","05:53","22:57:48","1","#23","offense","Opponent Foul","None","Success",3.8,"No","No","No"
"Q4","05:53","22:57:55","1","#23","offense","FT","None","Miss",3.8,"No","No","No"
"Q4","05:53","22:58:05","1","#23","offense","FT","None","Make",3.8,"No","No","No"
"Q4","05:29","22:58:43","5","#35","offense","Substitution","None","Slot 5: Out #35 / In #16",19.2,"No","No","No"
"Q4","05:27","22:58:57","3","#24","offense","Assist","None","To ##11",21.8,"Yes","No","No"
"Q4","05:27","22:58:57","4","#11","offense","RIM Shot","RIM","Make",21.8,"No","No","No"
"Q4","05:20","22:59:07","3","#24","defense","Steal","None","Success",7.2,"No","No","No"
"Q4","05:12","22:59:15","4","#11","offense","RIM Shot","RIM","Miss",7.2,"Yes","Yes","No"
"Q4","05:12","22:59:15","Team","Team","offense","Opponent Block","None","Success",7.2,"Yes","Yes","No"
"Q4","05:08","22:59:19","3","#24","offense","Off Rebound","None","Success",11.2,"No","No","No"
"Q4","05:03","22:59:43","5","#16","offense","RIM Shot","RIM","Miss",15.4,"Yes","No","No"
"Q4","05:03","22:59:44","Team","Team","offense","Opponent Def Rebound","None","Loss",15.4,"No","No","No"
"Q4","04:46","23:00:06","Team","Team","defense","Opponent Turnover","None","Unforced",16.7,"No","No","No"
"Q4","04:34","23:00:38","5","#16","offense","Opponent Foul","None","Success",10,"No","No","No"
"Q4","04:34","23:01:20","5","#16","offense","FT","None","Make",10,"No","No","No"
"Q4","04:34","23:01:32","5","#16","offense","FT","None","Make",10,"No","No","No"
"Q4","04:14","23:01:58","2","#9","defense","Personal Foul","None","Foul #3",10,"No","No","No"
"Q4","04:10","23:02:18","Team","Team","defense","Opponent ATB3 Shot","ATB3","Miss",14.6,"No","No","No"
"Q4","04:08","23:02:20","4","#11","defense","Def Rebound","None","Success",16.2,"No","No","No"
"Q4","04:02","23:02:46","4","#11","offense","Opponent Foul","None","Success",6.5,"No","No","No"
"Q4","04:02","23:02:49","4","#11","offense","FT","None","Miss",6.5,"No","No","No"
"Q4","04:02","23:03:00","4","#11","offense","FT","None","Make",6.5,"No","No","No"
"Q4","03:44","23:03:24","2","#9","defense","Personal Foul","None","Foul #4",10,"No","No","No"
"Q4","03:44","23:03:49","Team","Team","defense","Opponent RIM Shot","RIM","Miss",10,"Yes","No","No"
"Q4","03:44","23:03:54","5","#16","defense","Def Rebound","None","Success",10,"No","No","No"
"Q4","03:41","23:03:57","1","#23","offense","Turnover (Live)","None","Loss",2.9,"No","No","No"
"Q4","03:27","23:04:12","Team","Team","defense","Opponent RIM Shot","RIM","Miss",14.7,"Yes","No","No"
"Q4","03:27","23:04:12","5","#16","defense","Block","None","Success",14.7,"No","No","No"
"Q4","03:26","23:04:13","5","#16","defense","Def Rebound","None","Success",15.8,"No","No","No"
"Q4","03:15","23:04:26","5","#16","offense","Assist","None","To ##9",10.7,"No","No","No"
"Q4","03:15","23:04:26","2","#9","offense","C3 Shot","C3","Make",10.7,"No","No","No"
"Q4","03:14","23:04:31","Team","Team","defense","Timeout","None","Spartans",0.6,"No","No","No"
"Q4","03:01","23:06:16","1","#23","defense","Deflection","None","Success",14,"No","No","No"
"Q4","03:00","23:06:17","2","#9","defense","Steal","None","Success",15.2,"No","No","No"
"Q4","02:44","23:06:33","5","#16","offense","RIM Shot","RIM","Miss",15.4,"Yes","No","No"
"Q4","02:44","23:06:33","Team","Team","offense","Opponent Def Rebound","None","Loss",16,"No","No","No"
"Q4","02:39","23:06:39","Team","Team","defense","Opponent RIM Shot","RIM","Miss",5.1,"Yes","Yes","No"
"Q4","02:37","23:06:40","Team","Team","defense","Opponent Off Reb","None","Loss",6.3,"No","No","No"
"Q4","02:36","23:06:41","Team","Team","defense","Opponent RIM Shot","RIM","Make",10.9,"Yes","No","No"
"Q4","02:31","23:06:50","1","#23","offense","Turnover (Live)","None","Loss",5.6,"No","No","Yes"
"Q4","02:13","23:07:20","2","#9","defense","Personal Foul","None","Foul #5",10,"No","No","Yes"
"Q4","02:13","23:07:48","Team","Team","defense","Opponent FT Score","None","Loss",10,"No","No","Yes"
"Q4","02:13","23:08:01","Team","Team","defense","Opponent FT Score","None","Loss",10,"No","No","Yes"
"Q4","02:02","23:08:15","4","#11","offense","PAINT Shot","PAINT","Miss",10.7,"Yes","No","Yes"
"Q4","02:02","23:08:15","Team","Team","offense","Opponent Def Rebound","None","Loss",11.2,"No","No","Yes"
"Q4","01:48","23:08:33","Team","Team","defense","Opponent ATB3 Shot","ATB3","Miss",0,"No","Yes","Yes"
"Q4","01:48","23:08:35","2","#9","defense","Def Rebound","None","Success",0,"No","No","Yes"
"Q4","01:43","23:08:40","2","#9","offense","Turnover (Live)","None","Loss",4.8,"No","No","Yes"
"Q4","01:30","23:08:54","Team","Team","defense","Opponent ATB3 Shot","ATB3","Miss",13.4,"No","No","Yes"
"Q4","01:29","23:08:54","Team","Team","defense","Opponent Off Reb","None","Loss",14.1,"No","No","Yes"
"Q4","01:17","23:09:20","Team","Team","defense","Opponent ATB3 Shot","ATB3","Miss",22.4,"No","No","Yes"
"Q4","01:15","23:09:22","4","#11","defense","Def Rebound","None","Success",23.9,"No","No","Yes"
"Q4","00:55.7","23:09:42","1","#23","offense","ATB3 Shot","ATB3","Miss",20.1,"No","No","Yes"
"Q4","00:51.8","23:09:50","Team","Team","offense","Off Rebound","None","Success",0,"No","No","Yes"
"Q4","00:49.5","23:10:28","3","#24","offense","Substitution","None","Slot 3: Out #24 / In #8",0,"No","No","Yes"
"Q4","00:49.5","23:10:32","3","#8","offense","Assist","None","To ##11",0,"No","Yes","Yes"
"Q4","00:49.5","23:10:32","4","#11","offense","C3 Shot","C3","Make",0,"No","No","Yes"
"Q4","00:47.6","23:10:42","Team","Team","defense","Opponent C3 Shot","C3","Make",1.9,"No","Yes","Yes"
"Q4","00:23.9","23:10:54","2","#9","offense","Turnover (Live)","None","Loss",3.7,"No","No","Yes"
"Q4","00:18.8","23:11:01","Team","Team","defense","Timeout","None","CB Argentona",5.1,"No","No","Yes"
"Q4","00:12.4","23:12:37","Team","Team","defense","Opponent ATB3 Shot","ATB3","Miss",11.5,"No","No","Yes"
"Q4","00:12.4","23:12:39","Team","Team","defense","Def Rebound","None","Success",11.5,"No","No","Yes"
"Q4","00:09.9","23:13:08","2","#9","offense","Opponent Foul","None","Success",2.5,"No","No","Yes"
"Q4","00:09.9","23:13:10","2","#9","offense","FT","None","Miss",2.5,"No","No","Yes"
"Q4","00:09.9","23:13:19","2","#9","offense","FT","None","Make",2.5,"No","No","Yes"
"Q4","00:00.0","23:13:36","Team","Team","defense","Opponent ATB3 Shot","ATB3","Miss",10,"No","No","Yes"
"Q4","00:00.0","23:13:38","Team","Team","defense","Def Rebound","None","Success",10,"No","No","Yes"
