Game Date: 2026-08-31,Our Team: CB Argentona,Opponent: Maristes Ademar
Period,Game Clock,Timestamp,Slot,Player,Possession State,Action,Zone,Result,Duration(s),Paint Touch,Fastbreak,Crunch Time
"Q1","10:00","17:56:03","1","#1","defense","Substitution","None","Slot 1: Out #1 / In #23",0,"No","No","No"
"Q1","10:00","17:56:13","4","#7","defense","Substitution","None","Slot 4: Out #7 / In #24",0,"No","No","No"
"Q1","10:00","17:56:22","3","#8","defense","Substitution","None","Slot 3: Out #8 / In #32",0,"No","No","No"
"Q1","10:00","17:56:54","5","#11","defense","Substitution","None","Slot 5: Out #11 / In #16",0,"No","No","No"
"Q1","09:48","17:58:36","3","#32","defense","Personal Foul","None","Foul #1",10,"No","No","No"
"Q1","09:48","17:58:51","Team","Team","defense","Opponent FT Score","None","Loss",10,"No","No","No"
"Q1","09:48","17:59:02","Team","Team","defense","Opponent FT Score","None","Loss",10,"No","No","No"
"Q1","09:32","17:59:23","3","#32","offense","Assist","None","To ##9",15.2,"No","No","No"
"Q1","09:32","17:59:23","2","#9","offense","ATB3 Shot","ATB3","Make",15.2,"No","No","No"
"Q1","09:12","17:59:47","3","#32","defense","Steal","None","Success",20.2,"No","No","No"
"Q1","08:57","18:00:03","3","#32","offense","PAINT Shot","PAINT","Miss",15.7,"Yes","No","No"
"Q1","08:56","18:00:04","Team","Team","offense","Opponent Def Rebound","None","Loss",16.4,"No","No","No"
"Q1","08:43","18:00:17","4","#24","defense","Deflection","None","Success",12.6,"No","No","No"
"Q1","08:33","18:00:28","Team","Team","defense","Opponent ATB3 Shot","ATB3","Miss",22.5,"No","No","No"
"Q1","08:33","18:00:28","1","#23","defense","Block","None","Success",22.5,"No","No","No"
"Q1","08:32","18:00:33","1","#23","defense","Def Rebound","None","Success",0,"No","No","No"
"Q1","08:28","18:00:39","3","#32","offense","Assist","None","To ##16",3.7,"Yes","Yes","No"
"Q1","08:28","18:00:47","1","#23","offense","Assist","None","To ##16",0,"Yes","Yes","No"
"Q1","08:28","18:00:47","5","#16","offense","RIM Shot","RIM","Make",0,"No","No","No"
"Q1","08:27","18:00:51","3","#32","defense","Steal","None","Success",1,"No","No","No"
"Q1","08:07","18:01:13","4","#24","offense","Turnover (Dead)","None","Loss",20.4,"No","No","No"
"Q1","07:47","18:01:22","Team","Team","defense","Timeout","None","Maristes Ademar",0,"No","No","No"
"Q1","07:35","18:03:12","3","#32","defense","Personal Foul","None","Foul #2",10,"No","No","No"
"Q1","07:27","18:03:27","4","#24","defense","Steal","None","Success",17.8,"No","No","No"
"Q1","07:23","18:03:33","4","#24","offense","Assist","None","To ##9",3.5,"Yes","Yes","No"
"Q1","07:23","18:03:33","2","#9","offense","RIM Shot","RIM","Make",3.5,"No","No","No"
"Q1","07:07","18:03:53","Team","Team","defense","Opponent RIM Shot","RIM","Miss",16,"Yes","No","No"
"Q1","07:06","18:03:54","Team","Team","defense","Opponent Off Reb","None","Loss",17.5,"No","No","No"
"Q1","06:46","18:04:29","4","#24","offense","Assist","None","To ##9",0.7,"No","Yes","No"
"Q1","06:46","18:04:29","2","#9","offense","C3 Shot","C3","Make",0.7,"No","No","No"
"Q1","06:41","18:04:37","Team","Team","defense","Opponent MR Shot","MR","Miss",5,"No","Yes","No"
"Q1","06:39","18:04:39","4","#24","defense","Def Rebound","None","Success",6.9,"No","No","No"
"Q1","06:36","18:04:57","5","#16","offense","Substitution","None","Slot 5: Out #16 / In #13",3.1,"No","No","No"
"Q1","06:16","18:05:09","2","#9","offense","Opponent Foul","None","Success",3.1,"No","No","No"
"Q1","06:16","18:05:10","2","#9","offense","FT","None","Make",3.1,"No","No","No"
"Q1","06:16","18:05:22","2","#9","offense","FT","None","Miss",3.1,"No","No","No"
"Q1","06:16","18:05:23","Team","Team","offense","Opponent Def Rebound","None","Loss",3.1,"No","No","No"
"Q1","06:01","18:05:38","Team","Team","defense","Opponent ATB3 Shot","ATB3","Miss",14.7,"No","No","No"
"Q1","05:59","18:05:40","2","#9","defense","Def Rebound","None","Success",16.5,"No","No","No"
"Q1","05:50","18:05:53","5","#13","offense","Assist","None","To ##9",9.8,"No","No","No"
"Q1","05:50","18:05:53","2","#9","offense","ATB3 Shot","ATB3","Make",9.8,"No","No","No"
"Q1","05:40","18:06:06","Team","Team","defense","Opponent ATB3 Shot","ATB3","Make",9.4,"No","No","No"
"Q1","05:27","18:06:23","3","#32","offense","ATB3 Shot","ATB3","Miss",13.2,"No","No","No"
"Q1","05:26","18:06:24","Team","Team","offense","Opponent Def Rebound","None","Loss",14.3,"No","No","No"
"Q1","05:18","18:06:32","Team","Team","defense","Opponent RIM Shot","RIM","Make",7.7,"Yes","Yes","No"
"Q1","05:07","18:06:48","2","#9","offense","Turnover (Dead)","None","Loss",1,"No","No","No"
"Q1","05:07","18:06:57","1","#23","defense","Substitution","None","Slot 1: Out #23 / In #7",0,"No","No","No"
"Q1","05:07","18:07:11","4","#32","defense","Substitution","None","Slot 4: Out #32 / In #11",0,"No","No","No"
"Q1","05:07","18:07:17","2","#9","defense","Steal","None","Success",0,"No","No","No"
"Q1","05:05","18:07:19","2","#9","offense","RIM Shot","RIM","Miss",2.1,"Yes","Yes","No"
"Q1","05:05","18:07:20","Team","Team","offense","Opponent Def Rebound","None","Loss",2.5,"No","No","No"
"Q1","04:56","18:07:48","3","#24","defense","Personal Foul","None","Foul #1",8.3,"No","No","No"
"Q1","04:56","18:07:56","Team","Team","defense","Opponent Turnover","None","Unforced",8.3,"No","No","No"
"Q1","04:24","18:09:00","5","#13","offense","C3 Shot","C3","Miss",12.9,"No","No","No"
"Q1","04:23","18:09:00","Team","Team","offense","Opponent Def Rebound","None","Loss",13.7,"No","No","No"
"Q1","04:05","18:09:19","Team","Team","defense","Opponent ATB3 Shot","ATB3","Miss",17.9,"No","No","No"
"Q1","04:03","18:09:21","3","#24","defense","Def Rebound","None","Success",19.3,"No","No","No"
"Q1","03:55","18:09:29","4","#11","offense","ATB3 Shot","ATB3","Miss",8.1,"No","No","No"
"Q1","03:54","18:09:31","1","#7","offense","Off Rebound","None","Success",9.7,"No","No","No"
"Q1","03:49","18:09:36","2","#9","offense","ATB3 Shot","ATB3","Miss",15,"No","No","No"
"Q1","03:48","18:09:37","Team","Team","offense","Opponent Def Rebound","None","Loss",15.8,"No","No","No"
"Q1","03:25","18:10:00","Team","Team","defense","Opponent ATB3 Shot","ATB3","Miss",22.6,"No","No","No"
"Q1","03:24","18:10:02","1","#7","defense","Def Rebound","None","Success",23.9,"No","No","No"
"Q1","03:15","18:10:11","2","#9","offense","RIM Shot","RIM","Miss",9.5,"Yes","No","No"
"Q1","03:13","18:10:13","2","#9","offense","Off Rebound","None","Success",11.4,"No","No","No"
"Q1","03:08","18:11:01","3","#24","offense","Opponent Foul","None","Success",0,"No","No","No"
"Q1","03:08","18:11:02","3","#24","offense","FT","None","Miss",0,"No","No","No"
"Q1","03:08","18:11:26","3","#24","offense","FT","None","Make",0,"No","No","No"
"Q1","03:03","18:11:35","3","#24","defense","Substitution","None","Slot 3: Out #24 / In #8",5.4,"No","No","No"
"Q1","02:42","18:12:09","2","#9","offense","ATB3 Shot","ATB3","Miss",2.3,"No","Yes","No"
"Q1","02:41","18:12:10","Team","Team","offense","Opponent Def Rebound","None","Loss",3.2,"No","No","No"
"Q1","02:35","18:12:29","1","#7","defense","Personal Foul","None","Foul #1",5.7,"No","No","No"
"Q1","02:24","18:12:50","Team","Team","defense","Opponent ATB3 Shot","ATB3","Miss",16.9,"No","No","No"
"Q1","02:23","18:12:51","Team","Team","defense","Opponent Off Reb","None","Loss",18.1,"No","No","No"
"Q1","02:22","18:12:52","Team","Team","defense","Opponent RIM Shot","RIM","Make",11,"Yes","No","No"
"Q1","02:09","18:13:09","4","#11","offense","Turnover (Live)","None","Loss",13,"No","No","No"
"Q1","02:01","18:13:17","5","#13","defense","Deflection","None","Success",8.2,"No","No","No"
"Q1","01:56","18:13:28","2","#9","defense","Substitution","None","Slot 2: Out #9 / In #1",12.9,"No","No","No"
"Q1","01:49","18:13:51","5","#13","defense","Steal","None","Success",20.2,"No","No","No"
"Q1","01:44","18:13:56","1","#7","offense","RIM Shot","RIM","Miss",4.8,"Yes","Yes","No"
"Q1","01:43","18:13:56","Team","Team","offense","Opponent Def Rebound","None","Loss",5.4,"No","No","No"
"Q1","01:33","18:14:07","Team","Team","defense","Opponent ATB3 Shot","ATB3","Make",10.1,"No","No","No"
"Q1","01:22","18:14:28","3","#8","offense","ATB3 Shot","ATB3","Miss",0.7,"No","Yes","No"
"Q1","01:22","18:14:32","1","#7","offense","Off Rebound","None","Success",0.7,"No","No","No"
"Q1","01:22","18:14:34","1","#7","offense","Turnover (Dead)","None","Loss",10,"No","No","No"
"Q1","00:52.5","18:15:05","Team","Team","defense","Opponent RIM Shot","RIM","Miss",20.3,"Yes","No","No"
"Q1","00:50.3","18:15:07","4","#11","defense","Def Rebound","None","Success",22.5,"No","No","No"
"Q1","00:44.7","18:15:13","1","#7","offense","RIM Shot","RIM","Miss",5.6,"Yes","Yes","No"
"Q1","00:44.2","18:15:14","Team","Team","offense","Opponent Def Rebound","None","Loss",6.1,"No","No","No"
"Q1","00:37.9","18:15:34","1","#7","defense","Personal Foul","None","Foul #2",6.3,"No","No","No"
"Q1","00:37.9","18:15:45","Team","Team","defense","Opponent FT Score","None","Loss",6.3,"No","No","No"
"Q1","00:37.9","18:16:00","Team","Team","defense","Opponent FT Miss","None","Loss",6.3,"No","No","No"
"Q1","00:37.9","18:16:01","4","#11","defense","Def Rebound","None","Success",6.3,"No","No","No"
"Q1","00:29.9","18:16:10","1","#7","offense","Turnover (Live)","None","Loss",8,"No","No","No"
"Q1","00:26.1","18:16:15","1","#7","defense","Personal Foul","None","Foul #3",3.8,"No","No","No"
"Q1","00:26.1","18:16:36","Team","Team","defense","Opponent FT Score","None","Loss",3.8,"No","No","No"
"Q1","00:26.1","18:16:47","Team","Team","defense","Opponent FT Score","None","Loss",3.8,"No","No","No"
"Q1","00:07.4","18:17:09","4","#11","offense","PAINT Shot","PAINT","Miss",18.7,"Yes","No","No"
"Q1","00:07.4","18:17:09","Team","Team","offense","Opponent Block","None","Success",18.7,"Yes","No","No"
"Q1","00:05.0","18:17:12","Team","Team","offense","Opponent Def Rebound","None","Loss",21.1,"No","No","No"
"Q1","00:00.0","18:17:19","Team","Team","defense","Opponent PAINT Shot","PAINT","Miss",5.1,"Yes","Yes","No"
"Q1","00:00.0","18:17:19","3","#8","defense","Block","None","Success",5.1,"No","No","No"
"Q2","10:00","18:17:43","Team","Team","defense","Period Change","None","Started Quarter 2",0,"No","No","No"
"Q2","10:00","18:18:49","1","#7","defense","Substitution","None","Slot 1: Out #7 / In #23",0,"No","No","No"
"Q2","10:00","18:18:56","5","#13","defense","Substitution","None","Slot 5: Out #13 / In #16",0,"No","No","No"
"Q2","09:51","18:19:08","1","#23","offense","MR Shot","MR","Miss",4.2,"No","Yes","No"
"Q2","09:51","18:19:08","Team","Team","offense","Opponent Def Rebound","None","Loss",4.6,"No","No","No"
"Q2","09:37","18:19:23","5","#16","defense","Steal","None","Success",14.5,"No","No","No"
"Q2","09:28","18:19:32","3","#8","offense","Substitution","None","Slot 3: Out #8 / In #32",8.5,"No","No","No"
"Q2","09:26","18:19:38","5","#16","offense","Assist","None","To ##32",11,"No","No","No"
"Q2","09:26","18:19:38","3","#32","offense","ATB3 Shot","ATB3","Make",11,"No","No","No"
"Q2","09:04","18:19:47","Team","Team","defense","Opponent ATB3 Shot","ATB3","Miss",1.2,"No","Yes","No"
"Q2","09:04","18:19:49","4","#11","defense","Def Rebound","None","Success",1.2,"No","No","No"
"Q2","08:52","18:20:02","4","#11","offense","ATB3 Shot","ATB3","Miss",12.5,"No","No","No"
"Q2","08:51","18:20:03","Team","Team","offense","Opponent Def Rebound","None","Loss",13.1,"No","No","No"
"Q2","08:34","18:20:21","Team","Team","defense","Opponent ATB3 Shot","ATB3","Miss",17.5,"No","No","No"
"Q2","08:31","18:20:25","5","#16","defense","Def Rebound","None","Success",20.7,"No","No","No"
"Q2","08:20","18:20:36","1","#23","offense","ATB3 Shot","ATB3","Miss",10.8,"No","No","No"
"Q2","08:17","18:20:38","5","#16","offense","Off Rebound","None","Success",13.1,"No","No","No"
"Q2","08:08","18:21:10","5","#16","offense","Opponent Foul","None","Success",10,"No","No","No"
"Q2","08:08","18:21:12","5","#16","offense","FT","None","Miss",10,"No","No","No"
"Q2","08:08","18:21:13","5","#16","offense","FT","None","Make",10,"No","No","No"
"Q2","08:08","18:21:31","Team","Team","defense","Opponent ATB3 Shot","ATB3","Make",0.1,"No","Yes","No"
"Q2","07:40","18:21:57","4","#11","offense","Opponent Foul","None","Success",8.1,"No","No","No"
"Q2","07:40","18:22:09","2","#1","offense","Substitution","None","Slot 2: Out #1 / In #9",8.1,"No","No","No"
"Q2","07:40","18:22:16","4","#11","offense","FT","None","Make",8.1,"No","No","No"
"Q2","07:40","18:22:22","4","#11","offense","FT","None","Miss",8.1,"No","No","No"
"Q2","07:40","18:22:23","Team","Team","offense","Opponent Def Rebound","None","Loss",8.1,"No","No","No"
"Q2","07:30","18:22:33","2","#9","defense","Substitution","None","Slot 2: Out #9 / In #1",9.8,"No","No","No"
"Q2","07:28","18:22:35","2","#1","defense","Steal","None","Success",11.8,"No","No","No"
"Q2","07:24","18:22:39","2","#1","offense","Substitution","None","Slot 2: Out #1 / In #9",4.2,"No","No","No"
"Q2","07:04","18:23:04","1","#23","offense","RIM Shot","RIM","Miss",0,"Yes","Yes","No"
"Q2","07:04","18:23:06","4","#11","offense","Off Rebound","None","Success",0,"No","No","No"
"Q2","07:04","18:23:10","4","#11","offense","RIM Shot","RIM","Make",10,"Yes","No","No"
"Q2","07:02","18:23:22","5","#16","defense","Personal Foul","None","Foul #1",2.2,"No","No","No"
"Q2","07:02","18:23:25","4","#11","defense","Substitution","None","Slot 4: Out #11 / In #24",2.2,"No","No","No"
"Q2","07:02","18:23:37","2","#9","defense","Steal","None","Success",2.2,"No","No","No"
"Q2","06:53","18:23:49","5","#16","offense","Assist","None","To ##23",9.7,"No","No","No"
"Q2","06:53","18:23:49","1","#23","offense","ATB3 Shot","ATB3","Make",9.7,"No","No","No"
"Q2","06:53","18:23:52","5","#16","defense","Deflection","None","Success",0,"No","No","No"
"Q2","06:33","18:24:13","Team","Team","defense","Opponent PAINT Shot","PAINT","Make",19.9,"Yes","No","No"
"Q2","06:24","18:24:25","5","#16","offense","RIM Shot","RIM","Miss",8.2,"Yes","No","No"
"Q2","06:23","18:24:26","5","#16","offense","Off Rebound","None","Success",9.4,"No","No","No"
"Q2","06:21","18:24:28","5","#16","offense","RIM Shot","RIM","Miss",12,"Yes","No","No"
"Q2","06:20","18:24:29","Team","Team","offense","Opponent Def Rebound","None","Loss",12.8,"No","No","No"
"Q2","06:16","18:24:33","5","#16","defense","Steal","None","Success",4.4,"No","No","No"
"Q2","06:12","18:24:42","5","#16","offense","Opponent Foul","None","Success",4.3,"No","No","No"
"Q2","06:12","18:24:58","5","#16","offense","FT","None","Make",4.3,"No","No","No"
"Q2","06:12","18:25:11","5","#16","offense","FT","None","Make",4.3,"No","No","No"
"Q2","05:53","18:25:33","4","#24","defense","Steal","None","Success",18.3,"No","No","No"
"Q2","05:51","18:25:42","4","#24","offense","RIM Shot","RIM","Make",2.9,"Yes","Yes","No"
"Q2","05:51","18:25:44","Team","Team","defense","Timeout","None","Maristes Ademar",0,"No","No","No"
"Q2","05:42","18:27:46","3","#32","defense","Steal","None","Success",8.6,"No","No","No"
"Q2","05:35","18:27:53","1","#23","offense","PAINT Shot","PAINT","Miss",6.5,"Yes","Yes","No"
"Q2","05:34","18:27:54","Team","Team","offense","Opponent Def Rebound","None","Loss",7.7,"No","No","No"
"Q2","05:20","18:28:09","Team","Team","defense","Opponent RIM Shot","RIM","Make",14.4,"Yes","No","No"
"Q2","05:16","18:28:18","4","#24","offense","Assist","None","To ##32",3.8,"Yes","Yes","No"
"Q2","05:16","18:28:18","3","#32","offense","RIM Shot","RIM","Make",3.8,"No","No","No"
"Q2","05:00","18:29:06","1","#23","defense","Personal Foul","None","Foul #1",10,"No","No","No"
"Q2","05:00","18:29:10","Team","Team","defense","Opponent FT Miss","None","Loss",10,"No","No","No"
"Q2","05:00","18:29:25","Team","Team","defense","Opponent FT Miss","None","Loss",10,"No","No","No"
"Q2","05:00","18:29:27","4","#24","defense","Def Rebound","None","Success",10,"No","No","No"
"Q2","04:51","18:29:35","3","#32","offense","ATB3 Shot","ATB3","Miss",8.4,"No","No","No"
"Q2","04:50","18:29:37","3","#32","offense","Off Rebound","None","Success",9.9,"No","No","No"
"Q2","04:42","18:29:45","5","#16","offense","PAINT Shot","PAINT","Miss",18,"Yes","No","No"
"Q2","04:41","18:29:46","Team","Team","offense","Opponent Def Rebound","None","Loss",18.3,"No","No","No"
"Q2","04:39","18:29:48","Team","Team","defense","Opponent RIM Shot","RIM","Make",2.8,"Yes","Yes","No"
"Q2","04:15","18:30:34","3","#24","offense","RIM Shot","RIM","Miss",0,"Yes","Yes","No"
"Q2","04:15","18:30:35","Team","Team","offense","Off Rebound","None","Success",0,"No","No","No"
"Q2","04:15","18:31:03","5","#16","offense","Turnover (Live)","None","Loss",10,"No","No","No"
"Q2","04:14","18:31:04","Team","Team","defense","Opponent RIM Shot","RIM","Miss",1.7,"Yes","Yes","No"
"Q2","04:11","18:31:07","4","#13","defense","Def Rebound","None","Success",4.3,"No","No","No"
"Q2","04:06","18:31:23","1","#23","offense","Opponent Foul","None","Success",5,"No","No","No"
"Q2","04:06","18:31:24","1","#23","offense","FT","None","Make",5,"No","No","No"
"Q2","04:06","18:31:34","1","#23","offense","FT","None","Miss",5,"No","No","No"
"Q2","04:06","18:31:35","1","#23","offense","Off Rebound","null","Miss",5,"No","No","No"
"Q2","04:06","18:31:35","4","#13","offense","Off Rebound","None","Success",5,"No","No","No"
"Q2","04:06","18:32:03","3","#24","offense","RIM Shot","RIM","Make",10,"Yes","No","No"
"Q2","04:06","18:32:03","3","#24","offense","Opponent Foul","None","Success",10,"No","No","No"
"Q2","04:06","18:32:13","3","#24","offense","FT","None","Make",10,"No","No","No"
"Q2","04:01","18:32:21","3","#24","defense","Steal","None","Success",4.6,"No","No","No"
"Q2","03:52","18:32:31","2","#9","offense","ATB3 Shot","ATB3","Miss",9.6,"No","No","No"
"Q2","03:51","18:32:32","Team","Team","offense","Opponent Def Rebound","None","Loss",10.7,"No","No","No"
"Q2","03:30","18:32:54","Team","Team","defense","Opponent ATB3 Shot","ATB3","Make",21.1,"No","No","No"
"Q2","03:21","18:33:07","4","#13","offense","RIM Shot","RIM","Miss",8.8,"Yes","No","No"
"Q2","03:20","18:33:07","Team","Team","offense","Opponent Def Rebound","None","Loss",9.2,"No","No","No"
"Q2","03:15","18:33:12","Team","Team","defense","Opponent RIM Shot","RIM","Miss",5.2,"Yes","Yes","No"
"Q2","03:14","18:33:14","2","#9","defense","Def Rebound","None","Success",6.7,"No","No","No"
"Q2","03:03","18:33:25","3","#24","offense","Turnover (Dead)","None","Loss",10.3,"No","No","No"
"Q2","03:03","18:33:43","2","#9","defense","Personal Foul","None","Foul #1",0,"No","No","No"
"Q2","02:57","18:34:06","Team","Team","defense","Opponent ATB3 Shot","ATB3","Miss",6.3,"No","Yes","No"
"Q2","02:56","18:34:08","5","#16","defense","Def Rebound","None","Success",7.5,"No","No","No"
"Q2","02:12","18:34:27","2","#9","offense","RIM Shot","RIM","Make",4.4,"Yes","Yes","No"
"Q2","01:57","18:34:48","1","#23","defense","Personal Foul","None","Foul #2",10,"No","No","No"
"Q2","01:57","18:35:05","1","#23","defense","Substitution","None","Slot 1: Out #23 / In #7",10,"No","No","No"
"Q2","01:57","18:35:07","Team","Team","defense","Opponent FT Score","None","Loss",10,"No","No","No"
"Q2","01:57","18:35:18","Team","Team","defense","Opponent FT Score","None","Loss",10,"No","No","No"
"Q2","01:43","18:35:35","2","#9","offense","MR Shot","MR","Miss",13.8,"No","No","No"
"Q2","01:41","18:35:38","Team","Team","offense","Opponent Def Rebound","None","Loss",16.3,"No","No","No"
"Q2","01:37","18:35:43","4","#13","defense","Personal Foul","None","Foul #1",4,"No","No","No"
"Q2","01:37","18:35:50","5","#16","defense","Substitution","None","Slot 5: Out #16 / In #11",4,"No","No","No"
"Q2","01:37","18:36:12","Team","Team","defense","Opponent FT Score","None","Loss",4,"No","No","No"
"Q2","01:37","18:36:26","Team","Team","defense","Opponent FT Miss","None","Loss",4,"No","No","No"
"Q2","01:37","18:36:28","5","#11","defense","Def Rebound","None","Success",4,"No","No","No"
"Q2","01:21","18:36:47","2","#9","offense","RIM Shot","RIM","Make",16.1,"Yes","No","No"
"Q2","01:01","18:37:06","Team","Team","defense","Opponent ATB3 Shot","ATB3","Miss",9.4,"No","No","No"
"Q2","00:59.8","18:37:08","4","#13","defense","Def Rebound","None","Success",11.5,"No","No","No"
"Q2","00:54.7","18:37:13","2","#9","offense","ATB3 Shot","ATB3","Miss",5.1,"No","Yes","No"
"Q2","00:53.7","18:37:14","Team","Team","offense","Opponent Def Rebound","None","Loss",6.1,"No","No","No"
"Q2","00:30.3","18:38:18","Team","Team","defense","Opponent ATB3 Shot","ATB3","Miss",13.4,"No","No","No"
"Q2","00:30.3","18:38:19","1","#7","defense","Def Rebound","None","Success",13.4,"No","No","No"
"Q2","00:18.0","18:38:36","5","#11","offense","PAINT Shot","PAINT","Miss",2.3,"Yes","Yes","No"
"Q2","00:16.9","18:38:38","Team","Team","offense","Opponent Def Rebound","None","Loss",3.4,"No","No","No"
"Q3","10:00","18:48:08","Team","Team","defense","Period Change","None","Started Quarter 3",0,"No","No","No"
"Q3","10:00","18:48:19","5","#11","defense","Substitution","None","Slot 5: Out #11 / In #16",0,"No","No","No"
"Q3","10:00","18:48:25","1","#7","defense","Substitution","None","Slot 1: Out #7 / In #23",0,"No","No","No"
"Q3","10:00","18:49:35","4","#13","defense","Substitution","None","Slot 4: Out #13 / In #11",0,"No","No","No"
"Q3","09:45","18:49:52","5","#16","defense","Steal","None","Success",14.5,"No","No","No"
"Q3","09:26","18:50:15","2","#9","offense","Opponent Foul","None","Success",10,"No","No","No"
"Q3","09:26","18:50:30","2","#9","offense","FT","None","Miss",10,"No","No","No"
"Q3","09:26","18:50:40","2","#9","offense","FT","None","Make",10,"No","No","No"
"Q3","09:12","18:51:03","4","#11","defense","Personal Foul","None","Foul #1",10,"No","No","No"
"Q3","09:12","18:51:20","Team","Team","defense","Opponent FT Score","None","Loss",10,"No","No","No"
"Q3","09:12","18:51:34","Team","Team","defense","Opponent FT Score","None","Loss",10,"No","No","No"
"Q3","08:59","18:52:13","4","#11","offense","RIM Shot","RIM","Make",12.4,"Yes","No","No"
"Q3","08:55","18:52:21","Team","Team","defense","Opponent RIM Shot","RIM","Miss",4.5,"Yes","Yes","No"
"Q3","08:53","18:52:23","4","#11","defense","Def Rebound","None","Success",6.1,"No","No","No"
"Q3","08:52","18:52:25","4","#11","offense","RIM Shot","RIM","Make",0.8,"Yes","Yes","No"
"Q3","08:47","18:52:34","Team","Team","defense","Opponent Turnover","None","Unforced",5.3,"No","No","No"
"Q3","08:08","18:53:27","Team","Team","defense","Opponent PAINT Shot","PAINT","Miss",0,"Yes","Yes","No"
"Q3","08:08","18:53:28","Team","Team","defense","Opponent Off Reb","None","Loss",0,"No","No","No"
"Q3","08:08","18:53:36","1","#23","defense","Steal","None","Success",10,"No","No","No"
"Q3","08:03","18:53:44","5","#16","offense","RIM Shot","RIM","Make",4.5,"Yes","Yes","No"
"Q3","08:03","18:53:44","5","#16","offense","Opponent Foul","None","Success",4.5,"No","No","No"
"Q3","08:03","18:53:48","5","#16","offense","FT","None","Make",4.5,"No","No","No"
"Q3","07:33","18:54:14","Team","Team","defense","Opponent PAINT Shot","PAINT","Miss",20.1,"Yes","No","No"
"Q3","07:29","18:54:22","3","#24","defense","Def Rebound","None","Success",0,"No","No","No"
"Q3","07:28","18:54:25","3","#24","offense","Assist","None","To ##11",1.3,"Yes","Yes","No"
"Q3","07:28","18:54:25","4","#11","offense","RIM Shot","RIM","Make",1.3,"No","No","No"
"Q3","07:13","18:54:43","5","#16","defense","Deflection","None","Success",14.9,"No","No","No"
"Q3","07:12","18:54:45","1","#23","defense","Steal","None","Success",16.4,"No","No","No"
"Q3","07:07","18:54:50","3","#24","offense","Turnover (Live)","None","Loss",4.8,"No","No","No"
"Q3","06:53","18:55:06","Team","Team","defense","Timeout","None","Maristes Ademar",14.1,"No","No","No"
"Q3","06:51","18:56:52","2","#9","defense","Steal","None","Success",15.9,"No","No","No"
"Q3","06:43","18:57:10","2","#9","offense","Opponent Foul","None","Success",7.7,"No","No","No"
"Q3","06:35","18:57:24","1","#23","offense","PAINT Shot","PAINT","Make",15.9,"Yes","No","No"
"Q3","06:20","18:57:52","1","#23","defense","Substitution","None","Slot 1: Out #23 / In #7",15.1,"No","No","No"
"Q3","06:20","18:58:02","2","#9","defense","Personal Foul","None","Foul #2",10,"No","No","No"
"Q3","06:20","18:58:04","Team","Team","defense","Opponent PAINT Shot","PAINT","Miss",10,"Yes","No","No"
"Q3","06:20","18:58:07","5","#16","defense","Def Rebound","None","Success",10,"No","No","No"
"Q3","06:06","18:58:22","3","#24","offense","ATB3 Shot","ATB3","Miss",14.3,"No","No","No"
"Q3","06:04","18:58:23","5","#16","offense","Off Rebound","None","Success",15.7,"No","No","No"
"Q3","06:03","18:58:29","5","#16","offense","RIM Shot","RIM","Make",10.9,"Yes","No","No"
"Q3","06:00","18:58:36","Team","Team","defense","Opponent PAINT Shot","PAINT","Miss",3.7,"Yes","Yes","No"
"Q3","05:57","18:58:38","5","#16","defense","Def Rebound","None","Success",5.9,"No","No","No"
"Q3","05:56","18:58:42","5","#16","offense","Assist","None","To ##9",1.9,"Yes","Yes","No"
"Q3","05:56","18:58:42","2","#9","offense","RIM Shot","RIM","Make",1.9,"No","No","No"
"Q3","05:36","18:58:57","2","#9","defense","Deflection","None","Success",0,"No","No","No"
"Q3","05:36","18:59:06","4","#11","defense","Substitution","None","Slot 4: Out #11 / In #13",0,"No","No","No"
"Q3","05:30","18:59:24","Team","Team","defense","Opponent RIM Shot","RIM","Miss",5.8,"Yes","Yes","No"
"Q3","05:30","18:59:24","4","#13","defense","Block","None","Success",5.8,"No","No","No"
"Q3","05:27","18:59:26","5","#16","defense","Def Rebound","None","Success",8.4,"No","No","No"
"Q3","05:26","18:59:29","5","#16","offense","Assist","None","To ##24",1.2,"Yes","Yes","No"
"Q3","05:26","18:59:29","3","#24","offense","RIM Shot","RIM","Make",1.2,"No","No","No"
"Q3","04:47","19:00:43","5","#16","offense","Opponent Foul","None","Success",1.1,"No","No","No"
"Q3","04:47","19:00:43","5","#16","offense","FT","None","Make",1.1,"No","No","No"
"Q3","04:47","19:00:55","5","#16","offense","FT","None","Make",1.1,"No","No","No"
"Q3","04:33","19:01:26","3","#24","defense","Substitution","None","Slot 3: Out #24 / In #32",14.3,"No","No","No"
"Q3","04:33","19:01:30","3","#32","defense","Personal Foul","None","Foul #3",10,"No","No","No"
"Q3","04:33","19:01:41","Team","Team","defense","Opponent ATB3 Shot","ATB3","Miss",10,"No","No","No"
"Q3","04:33","19:01:42","5","#16","defense","Def Rebound","None","Success",10,"No","No","No"
"Q3","04:21","19:01:58","5","#16","offense","PAINT Shot","PAINT","Make",12.2,"Yes","No","No"
"Q3","04:12","19:02:10","Team","Team","defense","Opponent ATB3 Shot","ATB3","Make",8.7,"No","No","No"
"Q3","03:49","19:02:56","2","#9","offense","Opponent Foul","None","Success",10,"No","No","No"
"Q3","03:49","19:03:02","2","#9","offense","Substitution","None","Slot 2: Out #9 / In #8",10,"No","No","No"
"Q3","03:49","19:03:10","2","#8","offense","C3 Shot","C3","Miss",10,"No","No","No"
"Q3","03:49","19:03:11","4","#13","offense","Off Rebound","None","Success",10,"No","No","No"
"Q3","03:49","19:03:14","4","#13","offense","RIM Shot","RIM","Make",10,"Yes","No","No"
"Q3","03:33","19:04:06","4","#13","defense","Deflection","None","Success",16,"No","No","No"
"Q3","03:28","19:04:32","5","#16","defense","Personal Foul","None","Foul #2",10,"No","No","No"
"Q3","03:15","19:05:01","5","#16","defense","Personal Foul","None","Foul #3",10,"No","No","No"
"Q3","03:15","19:05:12","Team","Team","defense","Opponent FT Miss","None","Loss",10,"No","No","No"
"Q3","03:15","19:05:23","Team","Team","defense","Opponent FT Score","None","Loss",10,"No","No","No"
"Q3","03:03","19:05:55","4","#13","offense","Opponent Foul","None","Success",10,"No","No","No"
"Q3","03:03","19:05:59","4","#13","offense","FT","None","Make",10,"No","No","No"
"Q3","03:03","19:06:11","4","#13","offense","FT","None","Miss",10,"No","No","No"
"Q3","03:03","19:06:12","4","#13","offense","Off Rebound","null","Miss",10,"No","No","No"
"Q3","03:03","19:06:12","2","#8","offense","Off Rebound","None","Success",10,"No","No","No"
"Q3","03:03","19:06:18","2","#8","offense","MR Shot","MR","Miss",10,"No","No","No"
"Q3","03:03","19:06:18","Team","Team","offense","Opponent Def Rebound","None","Loss",10,"No","No","No"
"Q3","02:56","19:06:26","4","#13","defense","Steal","None","Success",7.2,"No","No","No"
"Q3","02:48","19:06:40","3","#32","offense","Turnover (Dead)","None","Loss",0,"No","No","No"
"Q3","02:39","19:06:59","Team","Team","defense","Opponent ATB3 Shot","ATB3","Miss",9.5,"No","No","No"
"Q3","02:34","19:07:04","1","#7","defense","Def Rebound","None","Success",14.1,"No","No","No"
"Q3","02:30","19:07:28","1","#7","offense","Opponent Foul","None","Success",4.2,"No","No","No"
"Q3","02:30","19:07:36","1","#7","offense","FT","None","Make",4.2,"No","No","No"
"Q3","02:30","19:07:49","1","#7","offense","FT","None","Miss",4.2,"No","No","No"
"Q3","02:30","19:07:50","Team","Team","offense","Opponent Def Rebound","None","Loss",4.2,"No","No","No"
"Q3","02:23","19:08:02","3","#32","defense","Personal Foul","None","Foul #4",7.4,"No","No","No"
"Q3","02:23","19:08:20","Team","Team","defense","Opponent FT Miss","None","Loss",7.4,"No","No","No"
"Q3","02:23","19:08:31","Team","Team","defense","Opponent FT Score","None","Loss",7.4,"No","No","No"
"Q3","02:11","19:08:47","3","#32","offense","ATB3 Shot","ATB3","Miss",12.2,"No","No","No"
"Q3","02:10","19:08:48","Team","Team","offense","Opponent Def Rebound","None","Loss",13,"No","No","No"
"Q3","02:00","19:09:12","4","#13","defense","Personal Foul","None","Foul #3",10,"No","No","No"
"Q3","02:00","19:09:21","Team","Team","defense","Opponent FT Score","None","Loss",10,"No","No","No"
"Q3","02:00","19:09:33","Team","Team","defense","Opponent FT Score","None","Loss",10,"No","No","No"
"Q3","01:55","19:09:41","5","#16","offense","Substitution","None","Slot 5: Out #16 / In #1",4.7,"No","No","No"
"Q3","01:52","19:09:44","5","#1","offense","Substitution","None","Slot 5: Out #1 / In #11",7.6,"No","No","No"
"Q3","01:44","19:10:15","1","#7","offense","Assist","None","To ##8",0,"No","Yes","No"
"Q3","01:44","19:10:15","2","#8","offense","MR Shot","MR","Make",0,"No","No","No"
"Q3","01:38","19:10:22","2","#8","defense","Steal","None","Success",5.8,"No","No","No"
"Q3","01:33","19:10:28","3","#32","offense","Turnover (Live)","None","Loss",5.6,"No","No","No"
"Q3","01:29","19:10:31","Team","Team","defense","Opponent MR Shot","MR","Make",3.3,"No","Yes","No"
"Q3","01:19","19:10:48","3","#32","offense","Substitution","None","Slot 3: Out #32 / In #1",0.6,"No","No","No"
"Q3","01:07","19:11:26","1","#7","offense","RIM Shot","RIM","Miss",12.5,"Yes","No","No"
"Q3","01:06","19:11:27","Team","Team","offense","Opponent Def Rebound","None","Loss",12.9,"No","No","No"
"Q3","00:39.3","19:11:49","4","#13","defense","Personal Foul","None","Foul #4",10,"No","No","No"
"Q3","00:39.3","19:12:01","4","#13","defense","Substitution","None","Slot 4: Out #13 / In #24",10,"No","No","No"
"Q3","00:39.3","19:12:13","Team","Team","defense","Opponent FT Score","None","Loss",10,"No","No","No"
"Q3","00:39.3","19:12:26","Team","Team","defense","Opponent FT Score","None","Loss",10,"No","No","No"
"Q3","00:16.9","19:12:53","3","#1","offense","Turnover (Dead)","None","Loss",22.4,"No","No","No"
"Q3","00:06.9","19:13:10","5","#11","defense","Steal","None","Success",0,"No","No","No"
"Q3","00:03.1","19:13:14","5","#11","offense","RIM Shot","RIM","Miss",3.8,"Yes","Yes","No"
"Q3","00:02.1","19:13:15","Team","Team","offense","Opponent Def Rebound","None","Loss",4.8,"No","No","No"
"Q4","10:00","19:13:34","Team","Team","defense","Period Change","None","Started Quarter 4",0,"No","No","No"
"Q4","09:50","19:15:22","1","#7","offense","Turnover (Live)","None","Loss",8.4,"No","No","No"
"Q4","09:26","19:15:52","5","#11","defense","Steal","None","Success",0,"No","No","No"
"Q4","09:19","19:15:59","1","#7","offense","C3 Shot","C3","Miss",6.9,"No","Yes","No"
"Q4","09:18","19:16:00","Team","Team","offense","Opponent Def Rebound","None","Loss",7.5,"No","No","No"
"Q4","08:54","19:16:26","Team","Team","defense","Opponent Turnover","None","Shot Clock Violation",24,"No","No","No"
"Q4","08:54","19:16:44","2","#8","offense","Substitution","None","Slot 2: Out #8 / In #23",0,"No","No","No"
"Q4","08:46","19:16:54","4","#24","offense","RIM Shot","RIM","Miss",8.4,"Yes","No","No"
"Q4","08:44","19:16:56","5","#11","offense","Off Rebound","None","Success",10.1,"No","No","No"
"Q4","08:30","19:17:14","1","#7","offense","ATB3 Shot","ATB3","Miss",0,"No","Yes","No"
"Q4","08:30","19:17:16","2","#23","offense","Off Rebound","None","Success",0,"No","No","No"
"Q4","08:10","19:17:24","2","#23","offense","RIM Shot","RIM","Make",10,"Yes","No","No"
"Q4","07:58","19:17:56","1","#7","defense","Personal Foul","None","Foul #4",10,"No","No","No"
"Q4","07:58","19:18:11","Team","Team","defense","Opponent C3 Shot","C3","Miss",10,"No","No","No"
"Q4","07:58","19:18:12","4","#24","defense","Def Rebound","None","Success",10,"No","No","No"
"Q4","07:53","19:18:18","3","#1","offense","RIM Shot","RIM","Miss",5.2,"Yes","Yes","No"
"Q4","07:52","19:18:18","Team","Team","offense","Opponent Def Rebound","None","Loss",5.9,"No","No","No"
"Q4","07:43","19:18:27","Team","Team","defense","Opponent ATB3 Shot","ATB3","Miss",8.8,"No","No","No"
"Q4","07:42","19:18:29","1","#7","defense","Def Rebound","None","Success",10.3,"No","No","No"
"Q4","07:36","19:18:35","5","#11","offense","RIM Shot","RIM","Miss",5.5,"Yes","Yes","No"
"Q4","07:36","19:18:35","Team","Team","offense","Opponent Def Rebound","None","Loss",6.1,"No","No","No"
"Q4","07:21","19:18:50","Team","Team","defense","Opponent PAINT Shot","PAINT","Miss",14.2,"Yes","No","No"
"Q4","07:20","19:18:52","4","#24","defense","Def Rebound","None","Success",15.6,"No","No","No"
"Q4","06:55","19:19:05","3","#1","offense","Turnover (Live)","None","Loss",5,"No","No","No"
"Q4","06:48","19:19:19","5","#11","defense","Substitution","None","Slot 5: Out #11 / In #16",7.2,"No","No","No"
"Q4","06:48","19:19:25","1","#7","defense","Substitution","None","Slot 1: Out #7 / In #9",7.2,"No","No","No"
"Q4","06:36","19:19:46","4","#24","defense","Deflection","None","Success",19.1,"No","No","No"
"Q4","06:32","19:19:49","Team","Team","defense","Opponent ATB3 Shot","ATB3","Miss",22.9,"No","No","No"
"Q4","06:31","19:19:52","5","#16","defense","Def Rebound","None","Success",0,"No","No","No"
"Q4","06:26","19:19:58","4","#24","offense","RIM Shot","RIM","Miss",5.3,"Yes","Yes","No"
"Q4","06:25","19:19:58","Team","Team","offense","Opponent Def Rebound","None","Loss",5.7,"No","No","No"
"Q4","06:21","19:20:14","4","#24","defense","Personal Foul","None","Foul #2",4.6,"No","No","No"
"Q4","06:21","19:20:19","Team","Team","defense","Timeout","None","Maristes Ademar",4.6,"No","No","No"
"Q4","06:12","19:22:22","Team","Team","defense","Opponent MR Shot","MR","Make",13.4,"No","No","No"
"Q4","05:58","19:22:52","4","#24","offense","ATB3 Shot","ATB3","Make",14.3,"No","No","No"
"Q4","05:58","19:22:55","Team","Team","defense","Opponent Turnover","None","Unforced",0,"No","No","No"
"Q4","05:26","19:23:48","2","#9","offense","ATB3 Shot","ATB3","Make",1.5,"No","Yes","No"
"Q4","05:26","19:23:49","Team","Team","defense","Opponent ATB3 Shot","ATB3","Miss",0,"No","Yes","No"
"Q4","05:26","19:23:50","4","#24","defense","Def Rebound","None","Success",0,"No","No","No"
"Q4","05:18","19:23:59","3","#1","offense","Substitution","None","Slot 3: Out #1 / In #32",8.5,"No","No","No"
"Q4","05:15","19:24:04","1","#23","offense","Assist","None","To ##9",10.7,"No","No","No"
"Q4","05:15","19:24:04","2","#9","offense","C3 Shot","C3","Make",10.7,"No","No","No"
"Q4","04:25","19:24:24","2","#9","defense","Personal Foul","None","Foul #3",10,"No","No","No"
"Q4","04:25","19:24:42","Team","Team","defense","Opponent FT Score","None","Loss",10,"No","No","No"
"Q4","04:25","19:24:52","Team","Team","defense","Opponent FT Score","None","Loss",10,"No","No","No"
"Q4","04:13","19:25:16","2","#9","offense","Opponent Foul","None","Success",10,"No","No","No"
"Q4","04:13","19:25:28","2","#9","offense","FT","None","Make",10,"No","No","No"
"Q4","04:13","19:25:39","2","#9","offense","FT","None","Make",10,"No","No","No"
"Q4","03:58","19:26:03","Team","Team","defense","Opponent MR Shot","MR","Miss",14.7,"No","No","No"
"Q4","03:56","19:26:04","5","#16","defense","Def Rebound","None","Success",16.2,"No","No","No"
"Q4","03:53","19:26:10","5","#16","offense","Assist","None","To ##32",3.8,"Yes","Yes","No"
"Q4","03:53","19:26:10","3","#32","offense","RIM Shot","RIM","Make",3.8,"No","No","No"
"Q4","03:51","19:26:38","Team","Team","defense","Opponent RIM Shot","RIM","Make",1.8,"Yes","Yes","No"
"Q4","03:51","19:26:45","3","#32","defense","Personal Foul","None","Foul #5",1.8,"No","No","No"
"Q4","03:51","19:27:06","Team","Team","defense","Opponent FT Miss","None","Loss",1.8,"No","No","No"
"Q4","03:51","19:27:08","4","#24","defense","Def Rebound","None","Success",1.8,"No","No","No"
"Q4","03:05","19:27:23","3","#32","offense","Substitution","None","Slot 3: Out #32 / In #8",5.6,"No","No","No"
"Q4","03:05","19:27:28","2","#9","offense","ATB3 Shot","ATB3","Miss",5.6,"No","Yes","No"
"Q4","03:05","19:27:29","Team","Team","offense","Opponent Def Rebound","None","Loss",5.6,"No","No","No"
"Q4","02:48","19:27:44","Team","Team","defense","Opponent Turnover","None","Unforced",7,"No","No","No"
"Q4","02:37","19:28:02","4","#24","offense","Substitution","None","Slot 4: Out #24 / In #13",0.8,"No","No","No"
"Q4","02:27","19:28:16","2","#9","offense","PAINT Shot","PAINT","Make",11.6,"Yes","No","No"
"Q4","02:14","19:28:34","Team","Team","defense","Opponent RIM Shot","RIM","Miss",2.1,"Yes","Yes","No"
"Q4","02:14","19:28:35","3","#8","defense","Def Rebound","None","Success",2.1,"No","No","No"
"Q4","02:07","19:28:53","2","#9","offense","Opponent Foul","None","Success",7.8,"No","No","No"
"Q4","02:07","19:28:58","2","#9","offense","Substitution","None","Slot 2: Out #9 / In #7",7.8,"No","No","No"
"Q4","02:07","19:29:02","5","#16","offense","Substitution","None","Slot 5: Out #16 / In #11",7.8,"No","No","No"
"Q4","01:55","19:29:19","4","#13","offense","Turnover (Live)","None","Loss",19.8,"No","No","No"
"Q4","01:48","19:29:25","Team","Team","defense","Opponent RIM Shot","RIM","Miss",6.4,"Yes","Yes","No"
"Q4","01:48","19:29:25","1","#23","defense","Block","None","Success",6.4,"No","No","No"
"Q4","01:47","19:29:27","Team","Team","defense","Opponent Off Reb","None","Loss",7.7,"No","No","No"
"Q4","01:46","19:29:28","Team","Team","defense","Opponent RIM Shot","RIM","Make",11.2,"Yes","No","No"
"Q4","01:38","19:29:39","5","#11","offense","ATB3 Shot","ATB3","Miss",7.4,"No","Yes","No"
"Q4","01:38","19:29:39","Team","Team","offense","Opponent Def Rebound","None","Loss",7.7,"No","No","No"
"Q4","01:36","19:29:41","Team","Team","defense","Opponent RIM Shot","RIM","Make",1.7,"Yes","Yes","No"
"Q4","01:17","19:30:04","1","#23","offense","RIM Shot","RIM","Miss",19,"Yes","No","No"
"Q4","01:12","19:30:10","5","#11","offense","Off Rebound","None","Success",0,"No","No","No"
"Q4","01:12","19:30:13","5","#11","offense","RIM Shot","RIM","Miss",10,"Yes","No","No"
"Q4","01:12","19:30:13","Team","Team","offense","Opponent Def Rebound","None","Loss",10,"No","No","No"
"Q4","01:09","19:30:17","Team","Team","defense","Opponent PAINT Shot","PAINT","Miss",3.3,"Yes","Yes","No"
"Q4","01:08","19:30:18","3","#8","defense","Def Rebound","None","Success",4.6,"No","No","No"
"Q4","00:37.2","19:30:41","2","#7","offense","Turnover (Dead)","None","Loss",11,"No","No","No"
"Q4","00:37.2","19:30:50","2","#23","defense","Substitution","None","Slot 2: Out #23 / In #1",0,"No","No","No"
"Q4","00:37.2","19:31:20","1","#7","defense","Personal Foul","None","Foul #5",0,"No","No","No"
"Q4","00:37.2","19:31:30","1","#7","defense","Substitution","None","Slot 1: Out #7 / In #16",0,"No","No","No"
"Q4","00:37.2","19:31:52","Team","Team","defense","Opponent FT Score","None","Loss",0,"No","No","No"
"Q4","00:11.6","19:32:26","4","#16","offense","RIM Shot","RIM","Miss",1.6,"Yes","Yes","No"
"Q4","00:10.6","19:32:27","Team","Team","offense","Opponent Def Rebound","None","Loss",2.6,"No","No","No"
"Q4","00:08.3","19:32:29","1","#1","defense","Steal","None","Success",2.3,"No","No","No"
